outcome_id,outcome_date,outcome_price_total_buy,outcome_details_quantity,outcome_details_weight,product_id,product_code,product_type_id,product_type,product_line_id,product_line,product_colour_id,product_colour,product_stock,product_stock_min,product_estimated_weight,product_total_weight,product_price_buy,product_price_sell,updated_at,deleted_at
2,2021-06-02 00:00:00,11860,48,,169,H61 negra,3,Accessories,7,Fittings,1,Not Applicable,353,0,0,0,1013,3618.92,2023-12-15 19:55:27,
2,2021-06-02 00:00:00,11860,48,,169,H61 negra,3,Accessories,7,Fittings,1,Not Applicable,353,0,0,0,1013,3618.92,2023-12-15 19:55:27,
2,2021-06-02 00:00:00,11860,48,,169,H61 negra,3,Accessories,7,Fittings,1,Not Applicable,353,0,0,0,1013,3618.92,2023-12-15 19:55:27,
2,2021-06-02 00:00:00,11860,1,,88,,3,Accessories,5,Weatherstripping,1,Not Applicable,17,0,0,0,6560,10010,2023-12-15 17:32:23,
2,2021-06-02 00:00:00,11860,1,,88,,3,Accessories,5,Weatherstripping,1,Not Applicable,17,0,0,0,6560,10010,2023-12-15 17:32:23,
2,2021-06-02 00:00:00,11860,1,,88,,3,Accessories,5,Weatherstripping,1,Not Applicable,17,0,0,0,6560,10010,2023-12-15 17:32:23,
3,2021-06-03 00:00:00,4117,1,,86,RULO,3,Accessories,5,Weatherstripping,1,Not Applicable,16,0,0,0,26000,40000,2023-12-15 15:07:18,
4,2021-06-07 00:00:00,3350,15,,528,,3,Accessories,2,Various,1,Not Applicable,239,0,0,0,266,854.41,2023-12-15 12:29:16,
4,2021-06-07 00:00:00,3350,1000,,529,TA45 6X7/16,3,Accessories,10,Screws,1,Not Applicable,36000,0,0,0,8.33,26.48,2023-12-15 12:29:16,
5,2021-06-08 00:00:00,8305,1,2023-05-07 00:00:00,38,3010/00,2,Profile,4,Módena,2,White,131,20,2023-05-07 00:00:00,1065.66,2810.88,7975.72,2023-12-15 12:29:15,
5,2021-06-08 00:00:00,8305,5,,214,T96,3,Accessories,8,Plastics,1,Not Applicable,178,0,0,0,1150,3961.55,2023-12-15 19:15:02,
6,2021-05-17 00:00:00,21004.9,20,,226,,3,Accessories,9,Wheels,1,Not Applicable,0,100,0,0,23,44.28,2023-03-03 16:33:17,2023-03-03 16:33:17
6,2021-05-17 00:00:00,21004.9,20,,226,,3,Accessories,9,Wheels,1,Not Applicable,0,100,0,0,23,44.28,2023-03-03 16:33:17,2023-03-03 16:33:17
6,2021-05-17 00:00:00,21004.9,4,2023-03-02 00:00:00,8,407337,2,Profile,3,Blacksmith,2,White,122,20,2023-05-02 00:00:00,18853606205251,2869.44,7261.22,2023-12-15 20:30:41,
6,2021-05-17 00:00:00,21004.9,4,2023-03-02 00:00:00,8,407337,2,Profile,3,Blacksmith,2,White,122,20,2023-05-02 00:00:00,18853606205251,2869.44,7261.22,2023-12-15 20:30:41,
6,2021-05-17 00:00:00,21004.9,4,2023-03-02 00:00:00,8,407337,2,Profile,3,Blacksmith,2,White,122,20,2023-05-02 00:00:00,18853606205251,2869.44,7261.22,2023-12-15 20:30:41,
6,2021-05-17 00:00:00,21004.9,4,2023-03-02 00:00:00,8,407337,2,Profile,3,Blacksmith,2,White,122,20,2023-05-02 00:00:00,18853606205251,2869.44,7261.22,2023-12-15 20:30:41,
6,2021-05-17 00:00:00,21004.9,4,2023-03-02 00:00:00,6,407306,2,Profile,3,Blacksmith,2,White,201,20,2023-05-02 00:00:00,62029606205251,4320,7261.22,2023-12-15 20:30:41,
6,2021-05-17 00:00:00,21004.9,4,2023-03-02 00:00:00,6,407306,2,Profile,3,Blacksmith,2,White,201,20,2023-05-02 00:00:00,62029606205251,4320,7261.22,2023-12-15 20:30:41,
6,2021-05-17 00:00:00,21004.9,4,2023-03-02 00:00:00,6,407306,2,Profile,3,Blacksmith,2,White,201,20,2023-05-02 00:00:00,62029606205251,4320,7261.22,2023-12-15 20:30:41,
6,2021-05-17 00:00:00,21004.9,4,2023-03-02 00:00:00,6,407306,2,Profile,3,Blacksmith,2,White,201,20,2023-05-02 00:00:00,62029606205251,4320,7261.22,2023-12-15 20:30:41,
6,2021-05-17 00:00:00,21004.9,3,2023-05-02 00:00:00,4,407278,2,Profile,3,Blacksmith,2,White,476,15,2023-05-02 00:00:00,14890460620525,2869.44,7261.22,2023-12-15 20:30:41,
6,2021-05-17 00:00:00,21004.9,3,2023-05-02 00:00:00,4,407278,2,Profile,3,Blacksmith,2,White,476,15,2023-05-02 00:00:00,14890460620525,2869.44,7261.22,2023-12-15 20:30:41,
6,2021-05-17 00:00:00,21004.9,3,2023-05-02 00:00:00,4,407278,2,Profile,3,Blacksmith,2,White,476,15,2023-05-02 00:00:00,14890460620525,2869.44,7261.22,2023-12-15 20:30:41,
6,2021-05-17 00:00:00,21004.9,3,2023-05-02 00:00:00,4,407278,2,Profile,3,Blacksmith,2,White,476,15,2023-05-02 00:00:00,14890460620525,2869.44,7261.22,2023-12-15 20:30:41,
7,2021-06-08 00:00:00,600,2,,242,,3,Accessories,7,Fittings,4,Natural,0,50,0,0,615.28,2795.49,2023-12-15 12:29:15,
8,2021-05-17 00:00:00,834,1,1,24,403776,2,Profile,3,Blacksmith,2,White,737,30,2023-06-01 00:00:00,1015.94,2459.52,7261.22,2023-12-15 20:30:41,
9,2021-05-18 00:00:00,14461.56,2,2023-05-01 00:00:00,42,405572,2,Profile,4,Módena,2,White,559,30,2023-02-01 00:00:00,762.72,2810.88,7975.72,2023-12-15 20:10:23,
9,2021-05-18 00:00:00,14461.56,1,2023-08-03 00:00:00,311,3010/50,2,Profile,4,Módena,2,White,138,5,4,412.34,2810.88,7975.72,2023-12-15 12:34:45,
9,2021-05-18 00:00:00,14461.56,1,2023-05-07 00:00:00,38,3010/00,2,Profile,4,Módena,2,White,131,20,2023-05-07 00:00:00,1065.66,2810.88,7975.72,2023-12-15 12:29:15,
9,2021-05-18 00:00:00,14461.56,1,3.94,39,405421,2,Profile,4,Módena,2,White,323,20,2023-03-04 00:00:00,1327.63,2810.88,7975.72,2023-12-15 12:29:15,
10,2021-05-18 00:00:00,900,2,,279,TEK BOND Transparente,4,Silicones,11,Silicones,1,Not Applicable,383,50,0,0,2167,6950,2023-12-15 17:55:59,
11,2021-05-19 00:00:00,2001-06-01 00:00:00,1,2023-04-02 00:00:00,11,3005/76,2,Profile,3,Blacksmith,2,White,76,0,2.64,238.93,4320,7261.22,2023-12-15 12:29:15,
12,2021-05-19 00:00:00,5504-04-01 00:00:00,1,2023-06-06 00:00:00,72,ADR 66,2,Profile,13,Round 640,2,White,7,20,2023-03-06 00:00:00,53.01,2810.88,4810.88,2023-12-15 12:29:15,
13,2021-06-08 00:00:00,5671-02-01 00:00:00,1,2023-04-02 00:00:00,11,3005/76,2,Profile,3,Blacksmith,2,White,76,0,2.64,238.93,4320,7261.22,2023-12-15 12:29:15,
13,2021-06-08 00:00:00,5671-02-01 00:00:00,1,2023-04-04 00:00:00,292,3005/68,2,Profile,3,Blacksmith,2,White,172,10,2023-05-03 00:00:00,602.56,4320,7261.22,2023-12-15 17:55:58,
14,2021-05-19 00:00:00,350,1,,277,SIKA Negra,4,Silicones,11,Silicones,5,Black,0,100,0,0,0,0,2023-12-15 12:29:15,
15,2021-05-19 00:00:00,23618.88,1,2023-06-06 00:00:00,72,ADR 66,2,Profile,13,Round 640,2,White,7,20,2023-03-06 00:00:00,53.01,2810.88,4810.88,2023-12-15 12:29:15,
15,2021-05-19 00:00:00,23618.88,1,2023-06-06 00:00:00,72,ADR 66,2,Profile,13,Round 640,2,White,7,20,2023-03-06 00:00:00,53.01,2810.88,4810.88,2023-12-15 12:29:15,
15,2021-05-19 00:00:00,23618.88,2,3,29,3005/81,2,Profile,3,Blacksmith,2,White,68,10,2,135.6,2459.52,7261.22,2023-12-15 20:13:56,
15,2021-05-19 00:00:00,23618.88,2,3,29,3005/81,2,Profile,3,Blacksmith,2,White,68,10,2,135.6,2459.52,7261.22,2023-12-15 20:13:56,
15,2021-05-19 00:00:00,23618.88,1,2023-04-02 00:00:00,11,3005/76,2,Profile,3,Blacksmith,2,White,76,0,2.64,238.93,4320,7261.22,2023-12-15 12:29:15,
15,2021-05-19 00:00:00,23618.88,1,2023-04-02 00:00:00,11,3005/76,2,Profile,3,Blacksmith,2,White,76,0,2.64,238.93,4320,7261.22,2023-12-15 12:29:15,
15,2021-05-19 00:00:00,23618.88,1,2.52,12,3005/77,2,Profile,3,Blacksmith,2,White,231,0,2023-05-02 00:00:00,586.82,2459.52,7261.22,2023-12-15 20:26:49,
15,2021-05-19 00:00:00,23618.88,1,2.52,12,3005/77,2,Profile,3,Blacksmith,2,White,231,0,2023-05-02 00:00:00,586.82,2459.52,7261.22,2023-12-15 20:26:49,
15,2021-05-19 00:00:00,23618.88,1,2023-04-03 00:00:00,18,3005/36,2,Profile,3,Blacksmith,2,White,242,0,2023-05-03 00:00:00,907.09,2664.48,7261.22,2023-12-15 14:32:09,
15,2021-05-19 00:00:00,23618.88,1,2023-04-03 00:00:00,18,3005/36,2,Profile,3,Blacksmith,2,White,242,0,2023-05-03 00:00:00,907.09,2664.48,7261.22,2023-12-15 14:32:09,
15,2021-05-19 00:00:00,23618.88,1,2023-04-07 00:00:00,46,405664,2,Profile,4,Módena,2,White,79,0,2023-02-08 00:00:00,662.78,2810.88,7975.72,2023-12-15 19:27:13,
15,2021-05-19 00:00:00,23618.88,1,2023-04-07 00:00:00,46,405664,2,Profile,4,Módena,2,White,79,0,2023-02-08 00:00:00,662.78,2810.88,7975.72,2023-12-15 19:27:13,
16,2021-05-19 00:00:00,5504-04-01 00:00:00,1,2023-06-06 00:00:00,72,ADR 66,2,Profile,13,Round 640,2,White,7,20,2023-03-06 00:00:00,53.01,2810.88,4810.88,2023-12-15 12:29:15,
17,2021-05-19 00:00:00,5671-02-01 00:00:00,1,2023-04-04 00:00:00,292,3005/68,2,Profile,3,Blacksmith,2,White,172,10,2023-05-03 00:00:00,602.56,4320,7261.22,2023-12-15 17:55:58,
17,2021-05-19 00:00:00,5671-02-01 00:00:00,1,2023-04-04 00:00:00,292,3005/68,2,Profile,3,Blacksmith,2,White,172,10,2023-05-03 00:00:00,602.56,4320,7261.22,2023-12-15 17:55:58,
17,2021-05-19 00:00:00,5671-02-01 00:00:00,1,2023-04-02 00:00:00,11,3005/76,2,Profile,3,Blacksmith,2,White,76,0,2.64,238.93,4320,7261.22,2023-12-15 12:29:15,
17,2021-05-19 00:00:00,5671-02-01 00:00:00,1,2023-04-02 00:00:00,11,3005/76,2,Profile,3,Blacksmith,2,White,76,0,2.64,238.93,4320,7261.22,2023-12-15 12:29:15,
18,2021-05-20 00:00:00,15846,2,2023-04-03 00:00:00,18,3005/36,2,Profile,3,Blacksmith,2,White,242,0,2023-05-03 00:00:00,907.09,2664.48,7261.22,2023-12-15 14:32:09,
18,2021-05-20 00:00:00,15846,2,2023-04-03 00:00:00,18,3005/36,2,Profile,3,Blacksmith,2,White,242,0,2023-05-03 00:00:00,907.09,2664.48,7261.22,2023-12-15 14:32:09,
18,2021-05-20 00:00:00,15846,2,2023-01-06 00:00:00,20,403838,2,Profile,3,Blacksmith,2,White,156,5,2023-06-06 00:00:00,1033.88,2459.52,7261.22,2023-12-15 14:32:09,
18,2021-05-20 00:00:00,15846,2,2023-01-06 00:00:00,20,403838,2,Profile,3,Blacksmith,2,White,156,5,2023-06-06 00:00:00,1033.88,2459.52,7261.22,2023-12-15 14:32:09,
19,2021-05-20 00:00:00,37901.2,2,2023-03-02 00:00:00,8,407337,2,Profile,3,Blacksmith,2,White,122,20,2023-05-02 00:00:00,18853606205251,2869.44,7261.22,2023-12-15 20:30:41,
19,2021-05-20 00:00:00,37901.2,2,2023-03-02 00:00:00,8,407337,2,Profile,3,Blacksmith,2,White,122,20,2023-05-02 00:00:00,18853606205251,2869.44,7261.22,2023-12-15 20:30:41,
19,2021-05-20 00:00:00,37901.2,2,2023-03-02 00:00:00,8,407337,2,Profile,3,Blacksmith,2,White,122,20,2023-05-02 00:00:00,18853606205251,2869.44,7261.22,2023-12-15 20:30:41,
19,2021-05-20 00:00:00,37901.2,2,2023-05-02 00:00:00,4,407278,2,Profile,3,Blacksmith,2,White,476,15,2023-05-02 00:00:00,14890460620525,2869.44,7261.22,2023-12-15 20:30:41,
19,2021-05-20 00:00:00,37901.2,2,2023-05-02 00:00:00,4,407278,2,Profile,3,Blacksmith,2,White,476,15,2023-05-02 00:00:00,14890460620525,2869.44,7261.22,2023-12-15 20:30:41,
19,2021-05-20 00:00:00,37901.2,2,2023-05-02 00:00:00,4,407278,2,Profile,3,Blacksmith,2,White,476,15,2023-05-02 00:00:00,14890460620525,2869.44,7261.22,2023-12-15 20:30:41,
19,2021-05-20 00:00:00,37901.2,4,2023-02-04 00:00:00,1,403595,2,Profile,3,Blacksmith,2,White,69,20,5,794.35,2752.32,7261.22,2023-12-15 20:30:41,
19,2021-05-20 00:00:00,37901.2,4,2023-02-04 00:00:00,1,403595,2,Profile,3,Blacksmith,2,White,69,20,5,794.35,2752.32,7261.22,2023-12-15 20:30:41,
19,2021-05-20 00:00:00,37901.2,4,2023-02-04 00:00:00,1,403595,2,Profile,3,Blacksmith,2,White,69,20,5,794.35,2752.32,7261.22,2023-12-15 20:30:41,
19,2021-05-20 00:00:00,37901.2,2,2023-03-02 00:00:00,6,407306,2,Profile,3,Blacksmith,2,White,201,20,2023-05-02 00:00:00,62029606205251,4320,7261.22,2023-12-15 20:30:41,
19,2021-05-20 00:00:00,37901.2,2,2023-03-02 00:00:00,6,407306,2,Profile,3,Blacksmith,2,White,201,20,2023-05-02 00:00:00,62029606205251,4320,7261.22,2023-12-15 20:30:41,
19,2021-05-20 00:00:00,37901.2,2,2023-03-02 00:00:00,6,407306,2,Profile,3,Blacksmith,2,White,201,20,2023-05-02 00:00:00,62029606205251,4320,7261.22,2023-12-15 20:30:41,
19,2021-05-20 00:00:00,37901.2,1,2023-05-06 00:00:00,291,3005/44,2,Profile,3,Blacksmith,2,White,85,0,5,458.71,4320,7261.22,2023-12-15 17:55:59,
19,2021-05-20 00:00:00,37901.2,1,2023-05-06 00:00:00,291,3005/44,2,Profile,3,Blacksmith,2,White,85,0,5,458.71,4320,7261.22,2023-12-15 17:55:59,
19,2021-05-20 00:00:00,37901.2,1,2023-05-06 00:00:00,291,3005/44,2,Profile,3,Blacksmith,2,White,85,0,5,458.71,4320,7261.22,2023-12-15 17:55:59,
19,2021-05-20 00:00:00,37901.2,2,2023-04-04 00:00:00,292,3005/68,2,Profile,3,Blacksmith,2,White,172,10,2023-05-03 00:00:00,602.56,4320,7261.22,2023-12-15 17:55:58,
19,2021-05-20 00:00:00,37901.2,2,2023-04-04 00:00:00,292,3005/68,2,Profile,3,Blacksmith,2,White,172,10,2023-05-03 00:00:00,602.56,4320,7261.22,2023-12-15 17:55:58,
19,2021-05-20 00:00:00,37901.2,2,2023-04-04 00:00:00,292,3005/68,2,Profile,3,Blacksmith,2,White,172,10,2023-05-03 00:00:00,602.56,4320,7261.22,2023-12-15 17:55:58,
20,2021-05-20 00:00:00,9957.96,2,2023-04-03 00:00:00,23,403746,2,Profile,3,Blacksmith,2,White,107,0,2023-05-03 00:00:00,471.38,2459.52,7261.22,2023-12-15 20:30:41,
20,2021-05-20 00:00:00,9957.96,2,2023-04-03 00:00:00,23,403746,2,Profile,3,Blacksmith,2,White,107,0,2023-05-03 00:00:00,471.38,2459.52,7261.22,2023-12-15 20:30:41,
20,2021-05-20 00:00:00,9957.96,1,5.14,19,3005/37,2,Profile,3,Blacksmith,2,White,0,0,2023-09-06 00:00:00,1,2459.52,7261.22,2023-12-15 12:29:15,
20,2021-05-20 00:00:00,9957.96,1,5.14,19,3005/37,2,Profile,3,Blacksmith,2,White,0,0,2023-09-06 00:00:00,1,2459.52,7261.22,2023-12-15 12:29:15,
21,2021-05-20 00:00:00,62558.34,1,1,24,403776,2,Profile,3,Blacksmith,2,White,737,30,2023-06-01 00:00:00,1015.94,2459.52,7261.22,2023-12-15 20:30:41,
21,2021-05-20 00:00:00,62558.34,1,1,24,403776,2,Profile,3,Blacksmith,2,White,737,30,2023-06-01 00:00:00,1015.94,2459.52,7261.22,2023-12-15 20:30:41,
21,2021-05-20 00:00:00,62558.34,2,2023-05-07 00:00:00,38,3010/00,2,Profile,4,Módena,2,White,131,20,2023-05-07 00:00:00,1065.66,2810.88,7975.72,2023-12-15 12:29:15,
21,2021-05-20 00:00:00,62558.34,2,2023-05-07 00:00:00,38,3010/00,2,Profile,4,Módena,2,White,131,20,2023-05-07 00:00:00,1065.66,2810.88,7975.72,2023-12-15 12:29:15,
21,2021-05-20 00:00:00,62558.34,1,2023-05-07 00:00:00,38,3010/00,2,Profile,4,Módena,2,White,131,20,2023-05-07 00:00:00,1065.66,2810.88,7975.72,2023-12-15 12:29:15,
21,2021-05-20 00:00:00,62558.34,4,3.94,39,405421,2,Profile,4,Módena,2,White,323,20,2023-03-04 00:00:00,1327.63,2810.88,7975.72,2023-12-15 12:29:15,
21,2021-05-20 00:00:00,62558.34,4,3.94,39,405421,2,Profile,4,Módena,2,White,323,20,2023-03-04 00:00:00,1327.63,2810.88,7975.72,2023-12-15 12:29:15,
21,2021-05-20 00:00:00,62558.34,4,3.94,39,405421,2,Profile,4,Módena,2,White,323,20,2023-03-04 00:00:00,1327.63,2810.88,7975.72,2023-12-15 12:29:15,
21,2021-05-20 00:00:00,62558.34,2,4,40,405480,2,Profile,4,Módena,2,White,130,30,4,636.95,2810.88,7975.72,2023-12-15 19:27:13,
21,2021-05-20 00:00:00,62558.34,2,4,40,405480,2,Profile,4,Módena,2,White,130,30,4,636.95,2810.88,7975.72,2023-12-15 19:27:13,
21,2021-05-20 00:00:00,62558.34,2,4,40,405480,2,Profile,4,Módena,2,White,130,30,4,636.95,2810.88,7975.72,2023-12-15 19:27:13,
21,2021-05-20 00:00:00,62558.34,6,2023-08-04 00:00:00,45,3010/16,2,Profile,4,Módena,2,White,262,5,4.78,1281.68,4800,7975.72,2023-12-15 19:15:02,
21,2021-05-20 00:00:00,62558.34,6,2023-08-04 00:00:00,45,3010/16,2,Profile,4,Módena,2,White,262,5,4.78,1281.68,4800,7975.72,2023-12-15 19:15:02,
21,2021-05-20 00:00:00,62558.34,6,2023-08-04 00:00:00,45,3010/16,2,Profile,4,Módena,2,White,262,5,4.78,1281.68,4800,7975.72,2023-12-15 19:15:02,
21,2021-05-20 00:00:00,62558.34,3,2023-03-04 00:00:00,41,405511,2,Profile,4,Módena,2,White,215,20,2023-06-03 00:00:00,756.8,2810.88,7975.72,2023-12-15 19:27:13,
21,2021-05-20 00:00:00,62558.34,3,2023-03-04 00:00:00,41,405511,2,Profile,4,Módena,2,White,215,20,2023-06-03 00:00:00,756.8,2810.88,7975.72,2023-12-15 19:27:13,
21,2021-05-20 00:00:00,62558.34,3,2023-03-04 00:00:00,41,405511,2,Profile,4,Módena,2,White,215,20,2023-06-03 00:00:00,756.8,2810.88,7975.72,2023-12-15 19:27:13,
21,2021-05-20 00:00:00,62558.34,1,2023-05-01 00:00:00,42,405572,2,Profile,4,Módena,2,White,559,30,2023-02-01 00:00:00,762.72,2810.88,7975.72,2023-12-15 20:10:23,
21,2021-05-20 00:00:00,62558.34,1,2023-05-01 00:00:00,42,405572,2,Profile,4,Módena,2,White,559,30,2023-02-01 00:00:00,762.72,2810.88,7975.72,2023-12-15 20:10:23,
21,2021-05-20 00:00:00,62558.34,1,2023-05-01 00:00:00,42,405572,2,Profile,4,Módena,2,White,559,30,2023-02-01 00:00:00,762.72,2810.88,7975.72,2023-12-15 20:10:23,
22,2021-06-09 00:00:00,16152,2,,79,B52,3,Accessories,5,Weatherstripping,1,Not Applicable,46,0,0,0,10000,18600,2023-12-15 15:15:55,
22,2021-06-09 00:00:00,16152,1,,82,B67,3,Accessories,5,Weatherstripping,1,Not Applicable,0,0,0,0,2908.48,20286.52,2023-12-15 12:29:15,
22,2021-06-09 00:00:00,16152,60,0,105,E69,3,Accessories,6,Squares,1,Not Applicable,4423,300,0,0,446,2067,2023-12-15 19:15:02,
22,2021-06-09 00:00:00,16152,1,,514,B67,3,Accessories,5,Weatherstripping,1,Not Applicable,0,0,0,0,5635.18,23380.25,2023-12-15 12:29:15,
23,2021-06-09 00:00:00,4080,40,0,105,E69,3,Accessories,6,Squares,1,Not Applicable,4423,300,0,0,446,2067,2023-12-15 19:15:02,
24,2021-06-09 00:00:00,6350,100,,209,T87,3,Accessories,8,Plastics,1,Not Applicable,198,0,0,0,27,67.32,2023-12-15 12:29:15,
24,2021-06-09 00:00:00,6350,1,,214,T96,3,Accessories,8,Plastics,1,Not Applicable,178,0,0,0,1150,3961.55,2023-12-15 19:15:02,
24,2021-06-09 00:00:00,6350,24,,169,H61 negra,3,Accessories,7,Fittings,1,Not Applicable,353,0,0,0,1013,3618.92,2023-12-15 19:55:27,
25,2021-06-10 00:00:00,672,4,,219,R39SR,3,Accessories,9,Wheels,1,Not Applicable,1092,100,0,0,396,1499.38,2023-12-15 12:29:15,
26,2021-06-10 00:00:00,14641,50,,262,TA77 10x2,3,Accessories,10,Screws,1,Not Applicable,3,300,0,0,29,57.26,2023-12-15 12:29:15,
26,2021-06-10 00:00:00,14641,3,,155,,3,Accessories,7,Fittings,1,Not Applicable,118,50,0,0,250,1087.06,2023-12-15 19:44:18,
26,2021-06-10 00:00:00,14641,5,,183,LZ NEGRO,3,Accessories,7,Fittings,1,Not Applicable,352,0,0,0,206,792,2023-12-15 17:29:12,
26,2021-06-10 00:00:00,14641,2,2023-03-03 00:00:00,292,3005/68,2,Profile,3,Blacksmith,2,White,172,10,2023-05-03 00:00:00,602.56,4320,7261.22,2023-12-15 17:55:58,
26,2021-06-10 00:00:00,14641,1,2023-05-02 00:00:00,11,3005/76,2,Profile,3,Blacksmith,2,White,76,0,2.64,238.93,4320,7261.22,2023-12-15 12:29:15,
26,2021-06-10 00:00:00,14641,1,2023-05-02 00:00:00,4,407278,2,Profile,3,Blacksmith,2,White,476,15,2023-05-02 00:00:00,14890460620525,2869.44,7261.22,2023-12-15 20:30:41,
26,2021-06-10 00:00:00,14641,2,0,159,CP 25,3,Accessories,7,Fittings,2,White,413,50,0,0,4056,7332,2023-12-15 12:29:15,
26,2021-06-10 00:00:00,14641,1,2023-01-03 00:00:00,2,407247,2,Profile,3,Blacksmith,2,White,220,20,2023-06-03 00:00:00,90668832935561,2664.48,7261.22,2023-12-15 20:26:49,
27,2021-06-10 00:00:00,24677.82,4,,171,H50 cuadrado,3,Accessories,7,Fittings,2,White,30,20,0,0,11808,21254,2023-12-15 12:29:15,
27,2021-06-10 00:00:00,24677.82,3,2.21,29,3005/81,2,Profile,3,Blacksmith,2,White,68,10,2,135.6,2459.52,7261.22,2023-12-15 20:13:56,
27,2021-06-10 00:00:00,24677.82,12,,166,FLH1 negro,3,Accessories,7,Fittings,1,Not Applicable,498,100,0,0,469.7,2066.44,2023-12-15 12:29:15,
27,2021-06-10 00:00:00,24677.82,1,2023-08-02 00:00:00,18,3005/36,2,Profile,3,Blacksmith,2,White,242,0,2023-05-03 00:00:00,907.09,2664.48,7261.22,2023-12-15 14:32:09,
27,2021-06-10 00:00:00,24677.82,1,2023-08-05 00:00:00,20,403838,2,Profile,3,Blacksmith,2,White,156,5,2023-06-06 00:00:00,1033.88,2459.52,7261.22,2023-12-15 14:32:09,
27,2021-06-10 00:00:00,24677.82,4,,141,3010/53,2,Profile,4,Módena,2,White,8,0,3.94,44.28,2810.88,8178,2023-12-15 12:29:15,
28,2021-06-10 00:00:00,26691.54,3,2023-01-01 00:00:00,307,3010/31,2,Profile,4,Módena,2,White,129,20,2023-03-01 00:00:00,173.81,4320,7975.72,2023-12-15 20:10:23,
28,2021-06-10 00:00:00,26691.54,1,2023-05-01 00:00:00,42,405572,2,Profile,4,Módena,2,White,559,30,2023-02-01 00:00:00,762.72,2810.88,7975.72,2023-12-15 20:10:23,
28,2021-06-10 00:00:00,26691.54,1,2023-08-03 00:00:00,311,3010/50,2,Profile,4,Módena,2,White,138,5,4,412.34,2810.88,7975.72,2023-12-15 12:34:45,
28,2021-06-10 00:00:00,26691.54,1,2023-08-04 00:00:00,45,3010/16,2,Profile,4,Módena,2,White,262,5,4.78,1281.68,4800,7975.72,2023-12-15 19:15:02,
28,2021-06-10 00:00:00,26691.54,1,1.16,47,3010/32,2,Profile,4,Módena,2,White,222,30,1.16,271.71,2810.88,7975.72,2023-12-15 12:29:15,
28,2021-06-10 00:00:00,26691.54,1,2023-03-03 00:00:00,292,3005/68,2,Profile,3,Blacksmith,2,White,172,10,2023-05-03 00:00:00,602.56,4320,7261.22,2023-12-15 17:55:58,
28,2021-06-10 00:00:00,26691.54,1,2023-04-05 00:00:00,66,3010/35,2,Profile,4,Módena,3,Colonial Bronze,49,2,2023-04-05 00:00:00,257.08,2840.16,3840.16,2023-12-15 12:29:15,
28,2021-06-10 00:00:00,26691.54,2,2023-05-04 00:00:00,21,3005/13,2,Profile,3,Blacksmith,2,White,207,40,2023-05-04 00:00:00,951.18,2869.44,7261.22,2023-12-15 17:55:59,
30,2021-06-10 00:00:00,40679.47,3,2023-05-04 00:00:00,21,3005/13,2,Profile,3,Blacksmith,2,White,207,40,2023-05-04 00:00:00,951.18,2869.44,7261.22,2023-12-15 17:55:59,
30,2021-06-10 00:00:00,40679.47,4,2.56,11,3005/76,2,Profile,3,Blacksmith,2,White,76,0,2.64,238.93,4320,7261.22,2023-12-15 12:29:15,
30,2021-06-10 00:00:00,40679.47,5,3.29,2,407247,2,Profile,3,Blacksmith,2,White,220,20,2023-06-03 00:00:00,90668832935561,2664.48,7261.22,2023-12-15 20:26:49,
30,2021-06-10 00:00:00,40679.47,4,2.26,29,3005/81,2,Profile,3,Blacksmith,2,White,68,10,2,135.6,2459.52,7261.22,2023-12-15 20:13:56,
31,2021-06-11 00:00:00,3000.85,119,,258,TA53 10x1-1/2,3,Accessories,10,Screws,1,Not Applicable,200,0,0,0,2023-05-10 00:00:00,57.26,2023-12-15 12:29:15,
31,2021-06-11 00:00:00,3000.85,1000,,529,TA45 6X7/16,3,Accessories,10,Screws,1,Not Applicable,36000,0,0,0,8.33,26.48,2023-12-15 12:29:16,
32,2021-06-11 00:00:00,3025,50,,221,,3,Accessories,9,Wheels,1,Not Applicable,780,0,0,0,109.8,553.28,2023-12-15 17:55:59,
33,2021-06-11 00:00:00,940,4,,218,R 39.5,3,Accessories,9,Wheels,1,Not Applicable,494,0,0,0,269,400,2023-02-27 15:08:13,2023-02-27 15:08:13
34,2021-06-11 00:00:00,2085,1,2023-05-02 00:00:00,11,3005/76,2,Profile,3,Blacksmith,2,White,76,0,2.64,238.93,4320,7261.22,2023-12-15 12:29:15,
34,2021-06-11 00:00:00,2085,1,2023-05-02 00:00:00,11,3005/76,2,Profile,3,Blacksmith,2,White,76,0,2.64,238.93,4320,7261.22,2023-12-15 12:29:15,
35,2021-06-10 00:00:00,30441,2,4.45,21,3005/13,2,Profile,3,Blacksmith,2,White,207,40,2023-05-04 00:00:00,951.18,2869.44,7261.22,2023-12-15 17:55:59,
35,2021-06-10 00:00:00,30441,2,2023-01-02 00:00:00,29,3005/81,2,Profile,3,Blacksmith,2,White,68,10,2,135.6,2459.52,7261.22,2023-12-15 20:13:56,
35,2021-06-10 00:00:00,30441,1,2023-02-03 00:00:00,292,3005/68,2,Profile,3,Blacksmith,2,White,172,10,2023-05-03 00:00:00,602.56,4320,7261.22,2023-12-15 17:55:58,
35,2021-06-10 00:00:00,30441,2,2023-07-04 00:00:00,45,3010/16,2,Profile,4,Módena,2,White,262,5,4.78,1281.68,4800,7975.72,2023-12-15 19:15:02,
35,2021-06-10 00:00:00,30441,1,1.15,47,3010/32,2,Profile,4,Módena,2,White,222,30,1.16,271.71,2810.88,7975.72,2023-12-15 12:29:15,
35,2021-06-10 00:00:00,30441,1,2023-05-01 00:00:00,42,405572,2,Profile,4,Módena,2,White,559,30,2023-02-01 00:00:00,762.72,2810.88,7975.72,2023-12-15 20:10:23,
35,2021-06-10 00:00:00,30441,3,2023-01-01 00:00:00,307,3010/31,2,Profile,4,Módena,2,White,129,20,2023-03-01 00:00:00,173.81,4320,7975.72,2023-12-15 20:10:23,
35,2021-06-10 00:00:00,30441,1,2023-03-05 00:00:00,510,3010/35,2,Profile,4,Módena,2,White,97,20,6.57,706.9,2810.88,7975.72,2023-12-15 20:03:12,
36,2021-06-11 00:00:00,4086-06-01 00:00:00,1,2023-09-04 00:00:00,68,ADR 63,2,Profile,13,Round 640,2,White,71,30,7,472.52,4800,7800,2023-12-15 12:29:15,
37,2021-06-11 00:00:00,15012,6,3,311,3010/50,2,Profile,4,Módena,2,White,138,5,4,412.34,2810.88,7975.72,2023-12-15 12:34:45,
38,2021-06-11 00:00:00,110121.36,1,2023-04-05 00:00:00,510,3010/35,2,Profile,4,Módena,2,White,97,20,6.57,706.9,2810.88,7975.72,2023-12-15 20:03:12,
38,2021-06-11 00:00:00,110121.36,6,2023-03-04 00:00:00,41,405511,2,Profile,4,Módena,2,White,215,20,2023-06-03 00:00:00,756.8,2810.88,7975.72,2023-12-15 19:27:13,
38,2021-06-11 00:00:00,110121.36,6,4,43,405602,2,Profile,4,Módena,2,White,82,30,4,335.08,2810.88,7975.72,2023-12-15 19:27:13,
38,2021-06-11 00:00:00,110121.36,4,2023-03-07 00:00:00,38,3010/00,2,Profile,4,Módena,2,White,131,20,2023-05-07 00:00:00,1065.66,2810.88,7975.72,2023-12-15 12:29:15,
38,2021-06-11 00:00:00,110121.36,6,3.94,39,405421,2,Profile,4,Módena,2,White,323,20,2023-03-04 00:00:00,1327.63,2810.88,7975.72,2023-12-15 12:29:15,
38,2021-06-11 00:00:00,110121.36,6,4,40,405480,2,Profile,4,Módena,2,White,130,30,4,636.95,2810.88,7975.72,2023-12-15 19:27:13,
39,2021-06-11 00:00:00,111255.6,4,2023-03-07 00:00:00,38,3010/00,2,Profile,4,Módena,2,White,131,20,2023-05-07 00:00:00,1065.66,2810.88,7975.72,2023-12-15 12:29:15,
39,2021-06-11 00:00:00,111255.6,6,3.94,39,405421,2,Profile,4,Módena,2,White,323,20,2023-03-04 00:00:00,1327.63,2810.88,7975.72,2023-12-15 12:29:15,
39,2021-06-11 00:00:00,111255.6,6,4,40,405480,2,Profile,4,Módena,2,White,130,30,4,636.95,2810.88,7975.72,2023-12-15 19:27:13,
39,2021-06-11 00:00:00,111255.6,6,2023-03-04 00:00:00,41,405511,2,Profile,4,Módena,2,White,215,20,2023-06-03 00:00:00,756.8,2810.88,7975.72,2023-12-15 19:27:13,
39,2021-06-11 00:00:00,111255.6,6,4,43,405602,2,Profile,4,Módena,2,White,82,30,4,335.08,2810.88,7975.72,2023-12-15 19:27:13,
39,2021-06-11 00:00:00,111255.6,1,2023-04-05 00:00:00,510,3010/35,2,Profile,4,Módena,2,White,97,20,6.57,706.9,2810.88,7975.72,2023-12-15 20:03:12,
39,2021-06-11 00:00:00,111255.6,1,1.36,305,3010/30,2,Profile,4,Módena,2,White,254,0,2023-06-01 00:00:00,416.25,4800,7975.72,2023-12-15 20:10:23,
40,2021-06-11 00:00:00,5250,15,,277,SIKA Negra,4,Silicones,11,Silicones,5,Black,0,100,0,0,0,0,2023-12-15 12:29:15,
41,2021-06-11 00:00:00,37196.4,3,2023-01-06 00:00:00,20,403838,2,Profile,3,Blacksmith,2,White,156,5,2023-06-06 00:00:00,1033.88,2459.52,7261.22,2023-12-15 14:32:09,
41,2021-06-11 00:00:00,37196.4,4,2023-02-03 00:00:00,18,3005/36,2,Profile,3,Blacksmith,2,White,242,0,2023-05-03 00:00:00,907.09,2664.48,7261.22,2023-12-15 14:32:09,
41,2021-06-11 00:00:00,37196.4,2,6.75,19,3005/37,2,Profile,3,Blacksmith,2,White,0,0,2023-09-06 00:00:00,1,2459.52,7261.22,2023-12-15 12:29:15,
42,2021-06-11 00:00:00,31267.35,9,4.37,1,403595,2,Profile,3,Blacksmith,2,White,69,20,5,794.35,2752.32,7261.22,2023-12-15 20:30:41,
43,2021-06-12 00:00:00,30007.32,3,4.79,45,3010/16,2,Profile,4,Módena,2,White,262,5,4.78,1281.68,4800,7975.72,2023-12-15 19:15:02,
43,2021-06-12 00:00:00,30007.32,1,2023-04-07 00:00:00,46,405664,2,Profile,4,Módena,2,White,79,0,2023-02-08 00:00:00,662.78,2810.88,7975.72,2023-12-15 19:27:13,
43,2021-06-12 00:00:00,30007.32,2,2023-04-05 00:00:00,510,3010/35,2,Profile,4,Módena,2,White,97,20,6.57,706.9,2810.88,7975.72,2023-12-15 20:03:12,
43,2021-06-12 00:00:00,30007.32,1,3.41,18,3005/36,2,Profile,3,Blacksmith,2,White,242,0,2023-05-03 00:00:00,907.09,2664.48,7261.22,2023-12-15 14:32:09,
44,2021-06-12 00:00:00,2500,4,,277,SIKA Negra,4,Silicones,11,Silicones,5,Black,0,100,0,0,0,0,2023-12-15 12:29:15,
44,2021-06-12 00:00:00,2500,2,,523,DOW,4,Silicones,11,Silicones,6,Transparent,0,20,0,0,811.3,1111.3,2023-12-15 12:29:15,
45,2021-06-12 00:00:00,2335-02-01 00:00:00,1,2023-08-02 00:00:00,27,3005/24,2,Profile,3,Blacksmith,2,White,61,0,2023-07-02 00:00:00,166.48,2605.92,7261.22,2023-12-15 13:53:52,
46,2021-06-11 00:00:00,5031-01-01 00:00:00,1,2023-05-02 00:00:00,27,3005/24,2,Profile,3,Blacksmith,2,White,61,0,2023-07-02 00:00:00,166.48,2605.92,7261.22,2023-12-15 13:53:52,
46,2021-06-11 00:00:00,5031-01-01 00:00:00,1,2023-09-02 00:00:00,27,3005/24,2,Profile,3,Blacksmith,2,White,61,0,2023-07-02 00:00:00,166.48,2605.92,7261.22,2023-12-15 13:53:52,
46,2021-06-11 00:00:00,5031-01-01 00:00:00,1,2023-09-02 00:00:00,27,3005/24,2,Profile,3,Blacksmith,2,White,61,0,2023-07-02 00:00:00,166.48,2605.92,7261.22,2023-12-15 13:53:52,
46,2021-06-11 00:00:00,5031-01-01 00:00:00,1,2.66,4,407278,2,Profile,3,Blacksmith,2,White,476,15,2023-05-02 00:00:00,14890460620525,2869.44,7261.22,2023-12-15 20:30:41,
46,2021-06-11 00:00:00,5031-01-01 00:00:00,1,2023-05-02 00:00:00,4,407278,2,Profile,3,Blacksmith,2,White,476,15,2023-05-02 00:00:00,14890460620525,2869.44,7261.22,2023-12-15 20:30:41,
46,2021-06-11 00:00:00,5031-01-01 00:00:00,1,2023-05-02 00:00:00,4,407278,2,Profile,3,Blacksmith,2,White,476,15,2023-05-02 00:00:00,14890460620525,2869.44,7261.22,2023-12-15 20:30:41,
46,2021-06-11 00:00:00,5031-01-01 00:00:00,4,,527,,3,Accessories,7,Fittings,1,Not Applicable,1589,0,0,0,16.82,246.15,2023-12-15 12:29:16,
46,2021-06-11 00:00:00,5031-01-01 00:00:00,4,,527,,3,Accessories,7,Fittings,1,Not Applicable,1589,0,0,0,16.82,246.15,2023-12-15 12:29:16,
46,2021-06-11 00:00:00,5031-01-01 00:00:00,4,,527,,3,Accessories,7,Fittings,1,Not Applicable,1589,0,0,0,16.82,246.15,2023-12-15 12:29:16,
46,2021-06-11 00:00:00,5031-01-01 00:00:00,3,,154,,3,Accessories,7,Fittings,1,Not Applicable,11,0,0,0,250,1087.06,2023-12-15 12:29:15,
46,2021-06-11 00:00:00,5031-01-01 00:00:00,3,,154,,3,Accessories,7,Fittings,1,Not Applicable,11,0,0,0,250,1087.06,2023-12-15 12:29:15,
46,2021-06-11 00:00:00,5031-01-01 00:00:00,3,,154,,3,Accessories,7,Fittings,1,Not Applicable,11,0,0,0,250,1087.06,2023-12-15 12:29:15,
47,2021-06-12 00:00:00,3300,100,,122,,3,Accessories,6,Squares,1,Not Applicable,27,0,0,0,18.91,142.69,2023-12-15 12:29:15,
48,2021-06-12 00:00:00,7027-08-01 00:00:00,2,1.71,4,407278,2,Profile,3,Blacksmith,2,White,476,15,2023-05-02 00:00:00,14890460620525,2869.44,7261.22,2023-12-15 20:30:41,
48,2021-06-12 00:00:00,7027-08-01 00:00:00,2,2.71,2,407247,2,Profile,3,Blacksmith,2,White,220,20,2023-06-03 00:00:00,90668832935561,2664.48,7261.22,2023-12-15 20:26:49,
49,2021-06-11 00:00:00,2100,12,,170,H33 NEGRO,3,Accessories,7,Fittings,5,Black,563,0,0,0,463.6,2000,2023-12-15 17:55:59,
49,2021-06-11 00:00:00,2100,12,,170,H33 NEGRO,3,Accessories,7,Fittings,5,Black,563,0,0,0,463.6,2000,2023-12-15 17:55:59,
50,2021-06-12 00:00:00,1160,100,0,109,E66,3,Accessories,6,Squares,1,Not Applicable,9900,20,0,0,14.22,41.58,2023-12-15 19:15:02,
50,2021-06-12 00:00:00,1160,100,,209,T87,3,Accessories,8,Plastics,1,Not Applicable,198,0,0,0,27,67.32,2023-12-15 12:29:15,
51,2021-06-11 00:00:00,31267.35,9,4.37,1,403595,2,Profile,3,Blacksmith,2,White,69,20,5,794.35,2752.32,7261.22,2023-12-15 20:30:41,
52,2021-06-12 00:00:00,2376,12,,166,FLH1 negro,3,Accessories,7,Fittings,1,Not Applicable,498,100,0,0,469.7,2066.44,2023-12-15 12:29:15,
53,2021-06-11 00:00:00,15928.8,2,,552,1001 Negro,3,Accessories,7,Fittings,5,Black,199,100,0,0,1972,3000,2023-12-15 12:29:16,
53,2021-06-11 00:00:00,15928.8,1,2023-02-07 00:00:00,38,3010/00,2,Profile,4,Módena,2,White,131,20,2023-05-07 00:00:00,1065.66,2810.88,7975.72,2023-12-15 12:29:15,
53,2021-06-11 00:00:00,15928.8,1,4,40,405480,2,Profile,4,Módena,2,White,130,30,4,636.95,2810.88,7975.72,2023-12-15 19:27:13,
53,2021-06-11 00:00:00,15928.8,4,,219,R39SR,3,Accessories,9,Wheels,1,Not Applicable,1092,100,0,0,396,1499.38,2023-12-15 12:29:15,
53,2021-06-11 00:00:00,15928.8,1,4,43,405602,2,Profile,4,Módena,2,White,82,30,4,335.08,2810.88,7975.72,2023-12-15 19:27:13,
53,2021-06-11 00:00:00,15928.8,10,,204,H14,3,Accessories,8,Plastics,1,Not Applicable,-4,0,0,0,120,182,2021-07-22 12:25:22,2021-07-22 12:25:22
54,2021-06-12 00:00:00,11440,1,,286,,5,Openings,12,Ventanas,1,Not Applicable,0,0,0,0,0,45804.6,2023-12-15 12:29:15,
55,2021-06-13 00:00:00,49754.58,15,3.33,292,3005/68,2,Profile,3,Blacksmith,2,White,172,10,2023-05-03 00:00:00,602.56,4320,7261.22,2023-12-15 17:55:58,
55,2021-06-13 00:00:00,49754.58,2,2542,8,407337,2,Profile,3,Blacksmith,2,White,122,20,2023-05-02 00:00:00,18853606205251,2869.44,7261.22,2023-12-15 20:30:41,
55,2021-06-13 00:00:00,49754.58,2,2.55,6,407306,2,Profile,3,Blacksmith,2,White,201,20,2023-05-02 00:00:00,62029606205251,4320,7261.22,2023-12-15 20:30:41,
56,2021-06-13 00:00:00,1050,3,,277,SIKA Negra,4,Silicones,11,Silicones,5,Black,0,100,0,0,0,0,2023-12-15 12:29:15,
57,2021-06-13 00:00:00,4420-02-01 00:00:00,1,2023-03-05 00:00:00,19,3005/37,2,Profile,3,Blacksmith,2,White,0,0,2023-09-06 00:00:00,1,2459.52,7261.22,2023-12-15 12:29:15,
58,2021-06-13 00:00:00,28806825,2,2.66,8,407337,2,Profile,3,Blacksmith,2,White,122,20,2023-05-02 00:00:00,18853606205251,2869.44,7261.22,2023-12-15 20:30:41,
58,2021-06-13 00:00:00,28806825,2,2.66,6,407306,2,Profile,3,Blacksmith,2,White,201,20,2023-05-02 00:00:00,62029606205251,4320,7261.22,2023-12-15 20:30:41,
58,2021-06-13 00:00:00,28806825,4,2023-04-04 00:00:00,1,403595,2,Profile,3,Blacksmith,2,White,69,20,5,794.35,2752.32,7261.22,2023-12-15 20:30:41,
58,2021-06-13 00:00:00,28806825,3,2665,4,407278,2,Profile,3,Blacksmith,2,White,476,15,2023-05-02 00:00:00,14890460620525,2869.44,7261.22,2023-12-15 20:30:41,
59,2021-06-13 00:00:00,15750,90,,121,H33 BLANCO,3,Accessories,7,Fittings,2,White,24,20,0,0,463.6,2000,2023-12-15 12:29:15,
60,2021-06-13 00:00:00,7779-08-01 00:00:00,2,0,159,CP 25,3,Accessories,7,Fittings,2,White,413,50,0,0,4056,7332,2023-12-15 12:29:15,
60,2021-06-13 00:00:00,7779-08-01 00:00:00,1,2023-03-03 00:00:00,292,3005/68,2,Profile,3,Blacksmith,2,White,172,10,2023-05-03 00:00:00,602.56,4320,7261.22,2023-12-15 17:55:58,
60,2021-06-13 00:00:00,7779-08-01 00:00:00,1,2023-04-03 00:00:00,23,403746,2,Profile,3,Blacksmith,2,White,107,0,2023-05-03 00:00:00,471.38,2459.52,7261.22,2023-12-15 20:30:41,
60,2021-06-13 00:00:00,7779-08-01 00:00:00,24,,122,,3,Accessories,6,Squares,1,Not Applicable,27,0,0,0,18.91,142.69,2023-12-15 12:29:15,
61,2021-06-13 00:00:00,6730,4,,172,H50 cuadrado,3,Accessories,7,Fittings,5,Black,71,0,0,0,11808,21254,2023-12-15 12:29:15,
61,2021-06-13 00:00:00,6730,2,,242,,3,Accessories,7,Fittings,4,Natural,0,50,0,0,615.28,2795.49,2023-12-15 12:29:15,
61,2021-06-13 00:00:00,6730,2,,239,H79,3,Accessories,7,Fittings,1,Not Applicable,150,0,0,0,1005.28,4149.52,2023-12-15 19:15:02,
62,2021-06-13 00:00:00,250,100,,205,,3,Accessories,8,Plastics,1,Not Applicable,1321,200,0,0,8,25.74,2023-12-15 12:29:15,
63,2021-06-13 00:00:00,3000,2,,272,SALCHICHA NEGRA,4,Silicones,11,Silicones,5,Black,0,0,0,0,2995.47,12085.97,2023-12-15 12:29:15,
64,2021-06-13 00:00:00,29940.6,3,2023-05-01 00:00:00,42,405572,2,Profile,4,Módena,2,White,559,30,2023-02-01 00:00:00,762.72,2810.88,7975.72,2023-12-15 20:10:23,
64,2021-06-13 00:00:00,29940.6,1,7.73,299,3010/19,2,Profile,4,Módena,2,White,26,10,2023-05-10 00:00:00,273.79,4800,7975.72,2023-12-15 12:29:15,
64,2021-06-13 00:00:00,29940.6,2,1.34,305,3010/30,2,Profile,4,Módena,2,White,254,0,2023-06-01 00:00:00,416.25,4800,7975.72,2023-12-15 20:10:23,
64,2021-06-13 00:00:00,29940.6,2,2023-02-01 00:00:00,307,3010/31,2,Profile,4,Módena,2,White,129,20,2023-03-01 00:00:00,173.81,4320,7975.72,2023-12-15 20:10:23,
64,2021-06-13 00:00:00,29940.6,2,2023-07-06 00:00:00,506,3010/14,2,Profile,4,Módena,2,White,85,15,2023-05-06 00:00:00,52672988066826,4320,7975.72,2023-12-15 19:15:02,
64,2021-06-13 00:00:00,29940.6,1,2023-08-04 00:00:00,45,3010/16,2,Profile,4,Módena,2,White,262,5,4.78,1281.68,4800,7975.72,2023-12-15 19:15:02,
64,2021-06-13 00:00:00,29940.6,1,2023-01-02 00:00:00,51,3010/55,2,Profile,4,Módena,2,White,2,30,2023-03-02 00:00:00,2023-03-11 00:00:00,2810.88,7975.72,2023-12-15 12:29:15,
65,2021-06-14 00:00:00,106323.3,18,3.15,2,407247,2,Profile,3,Blacksmith,2,White,220,20,2023-06-03 00:00:00,90668832935561,2664.48,7261.22,2023-12-15 20:26:49,
65,2021-06-14 00:00:00,106323.3,8,2.31,6,407306,2,Profile,3,Blacksmith,2,White,201,20,2023-05-02 00:00:00,62029606205251,4320,7261.22,2023-12-15 20:30:41,
65,2021-06-14 00:00:00,106323.3,16,2.51,4,407278,2,Profile,3,Blacksmith,2,White,476,15,2023-05-02 00:00:00,14890460620525,2869.44,7261.22,2023-12-15 20:30:41,
65,2021-06-14 00:00:00,106323.3,8,2023-03-02 00:00:00,8,407337,2,Profile,3,Blacksmith,2,White,122,20,2023-05-02 00:00:00,18853606205251,2869.44,7261.22,2023-12-15 20:30:41,
66,2021-06-14 00:00:00,2500,50,,226,,3,Accessories,9,Wheels,1,Not Applicable,0,100,0,0,23,44.28,2023-03-03 16:33:17,2023-03-03 16:33:17
67,2021-06-14 00:00:00,11630,3,,214,T96,3,Accessories,8,Plastics,1,Not Applicable,178,0,0,0,1150,3961.55,2023-12-15 19:15:02,
67,2021-06-14 00:00:00,11630,100,,108,ALE 7,3,Accessories,6,Squares,1,Not Applicable,812,200,0,0,400,1324,2023-12-15 12:29:15,
67,2021-06-14 00:00:00,11630,200,,115,E98,3,Accessories,6,Squares,1,Not Applicable,5000,0,0,0,10,17,2023-12-15 12:29:15,
68,2021-06-14 00:00:00,36222.4,3,2023-03-02 00:00:00,8,407337,2,Profile,3,Blacksmith,2,White,122,20,2023-05-02 00:00:00,18853606205251,2869.44,7261.22,2023-12-15 20:30:41,
68,2021-06-14 00:00:00,36222.4,4,2023-05-02 00:00:00,4,407278,2,Profile,3,Blacksmith,2,White,476,15,2023-05-02 00:00:00,14890460620525,2869.44,7261.22,2023-12-15 20:30:41,
68,2021-06-14 00:00:00,36222.4,6,2023-05-03 00:00:00,2,407247,2,Profile,3,Blacksmith,2,White,220,20,2023-06-03 00:00:00,90668832935561,2664.48,7261.22,2023-12-15 20:26:49,
68,2021-06-14 00:00:00,36222.4,3,2023-03-02 00:00:00,6,407306,2,Profile,3,Blacksmith,2,White,201,20,2023-05-02 00:00:00,62029606205251,4320,7261.22,2023-12-15 20:30:41,
69,2021-06-14 00:00:00,350,2,,121,H33 BLANCO,3,Accessories,7,Fittings,2,White,24,20,0,0,463.6,2000,2023-12-15 12:29:15,
70,2021-06-14 00:00:00,6400,1,,90,,3,Accessories,5,Weatherstripping,1,Not Applicable,109,0,0,0,19907,31000,2023-12-15 17:55:59,
70,2021-06-14 00:00:00,6400,1,,92,,3,Accessories,5,Weatherstripping,1,Not Applicable,9,0,0,0,7165.32,31680,2023-12-15 12:29:15,
71,2021-06-14 00:00:00,8025,5,2.14,294,405541,2,Profile,4,Módena,4,Natural,351,0,2023-03-02 00:00:00,1210.99,4020,7300,2023-12-15 18:59:06,
72,2021-06-14 00:00:00,44965.08,7,4,316,ADR 261,2,Profile,13,Round 640,5,Black,5,20,2023-05-04 00:00:00,-34.16,2840.16,8210.65,2023-12-15 12:29:15,
72,2021-06-14 00:00:00,44965.08,4,2,318,ADR 262,2,Profile,13,Round 640,5,Black,2,5,2,14.83,2840.16,8210.65,2023-12-15 12:29:15,
72,2021-06-14 00:00:00,44965.08,3,5.54,68,ADR 63,2,Profile,13,Round 640,2,White,71,30,7,472.52,4800,3800,2023-12-15 12:29:15,
73,2021-06-14 00:00:00,9207.95,1,2023-06-02 00:00:00,8,407337,2,Profile,3,Blacksmith,2,White,122,20,2023-05-02 00:00:00,18853606205251,2869.44,7261.22,2023-12-15 20:30:41,
73,2021-06-14 00:00:00,9207.95,1,2023-06-02 00:00:00,6,407306,2,Profile,3,Blacksmith,2,White,201,20,2023-05-02 00:00:00,62029606205251,4320,7261.22,2023-12-15 20:30:41,
73,2021-06-14 00:00:00,9207.95,1,2023-06-02 00:00:00,4,407278,2,Profile,3,Blacksmith,2,White,476,15,2023-05-02 00:00:00,14890460620525,2869.44,7261.22,2023-12-15 20:30:41,
73,2021-06-14 00:00:00,9207.95,1,3.73,2,407247,2,Profile,3,Blacksmith,2,White,220,20,2023-06-03 00:00:00,90668832935561,2664.48,7261.22,2023-12-15 20:26:49,
74,2021-06-14 00:00:00,2782-05-01 00:00:00,1,2023-05-03 00:00:00,2,407247,2,Profile,3,Blacksmith,2,White,220,20,2023-06-03 00:00:00,90668832935561,2664.48,7261.22,2023-12-15 20:26:49,
74,2021-06-14 00:00:00,2782-05-01 00:00:00,1,2023-05-03 00:00:00,2,407247,2,Profile,3,Blacksmith,2,White,220,20,2023-06-03 00:00:00,90668832935561,2664.48,7261.22,2023-12-15 20:26:49,
74,2021-06-14 00:00:00,2782-05-01 00:00:00,1,2023-05-03 00:00:00,2,407247,2,Profile,3,Blacksmith,2,White,220,20,2023-06-03 00:00:00,90668832935561,2664.48,7261.22,2023-12-15 20:26:49,
75,2021-06-14 00:00:00,1200,1,,557,SAL DVH,3,Accessories,2,Various,1,Not Applicable,155,0,0,0,5000,14400,2023-12-15 19:55:27,
76,2021-06-14 00:00:00,23055,1,2023-02-05 00:00:00,28,3005/17,2,Profile,3,Blacksmith,2,White,107,20,6,680.9,4800,7613,2023-12-15 12:29:15,
76,2021-06-14 00:00:00,23055,3,2023-03-02 00:00:00,6,407306,2,Profile,3,Blacksmith,2,White,201,20,2023-05-02 00:00:00,62029606205251,4320,7261.22,2023-12-15 20:30:41,
76,2021-06-14 00:00:00,23055,4,2023-05-02 00:00:00,4,407278,2,Profile,3,Blacksmith,2,White,476,15,2023-05-02 00:00:00,14890460620525,2869.44,7261.22,2023-12-15 20:30:41,
76,2021-06-14 00:00:00,23055,3,2023-03-02 00:00:00,8,407337,2,Profile,3,Blacksmith,2,White,122,20,2023-05-02 00:00:00,18853606205251,2869.44,7261.22,2023-12-15 20:30:41,
77,2021-06-14 00:00:00,91570.8,1,2023-03-02 00:00:00,8,407337,2,Profile,3,Blacksmith,2,White,122,20,2023-05-02 00:00:00,18853606205251,2869.44,7261.22,2023-12-15 20:30:41,
77,2021-06-14 00:00:00,91570.8,4,0.93,24,403776,2,Profile,3,Blacksmith,2,White,737,30,2023-06-01 00:00:00,1015.94,2459.52,7261.22,2023-12-15 20:30:41,
77,2021-06-14 00:00:00,91570.8,4,3.36,18,3005/36,2,Profile,3,Blacksmith,2,White,242,0,2023-05-03 00:00:00,907.09,2664.48,7261.22,2023-12-15 14:32:09,
77,2021-06-14 00:00:00,91570.8,1,2023-02-04 00:00:00,19,3005/37,2,Profile,3,Blacksmith,2,White,0,0,2023-09-06 00:00:00,1,2459.52,7261.22,2023-12-15 12:29:15,
77,2021-06-14 00:00:00,91570.8,3,5,20,403838,2,Profile,3,Blacksmith,2,White,156,5,2023-06-06 00:00:00,1033.88,2459.52,7261.22,2023-12-15 14:32:09,
77,2021-06-14 00:00:00,91570.8,1,2023-03-04 00:00:00,41,405511,2,Profile,4,Módena,2,White,215,20,2023-06-03 00:00:00,756.8,2810.88,7975.72,2023-12-15 19:27:13,
77,2021-06-14 00:00:00,91570.8,4,4,43,405602,2,Profile,4,Módena,2,White,82,30,4,335.08,2810.88,7975.72,2023-12-15 19:27:13,
77,2021-06-14 00:00:00,91570.8,1,2023-02-03 00:00:00,309,3010/48,2,Profile,4,Módena,2,White,111,0,4,460.09,2810.88,7975.72,2023-12-15 12:29:15,
77,2021-06-14 00:00:00,91570.8,3,2023-06-02 00:00:00,4,407278,2,Profile,3,Blacksmith,2,White,476,15,2023-05-02 00:00:00,14890460620525,2869.44,7261.22,2023-12-15 20:30:41,
77,2021-06-14 00:00:00,91570.8,1,2023-06-03 00:00:00,2,407247,2,Profile,3,Blacksmith,2,White,220,20,2023-06-03 00:00:00,90668832935561,2664.48,7261.22,2023-12-15 20:26:49,
77,2021-06-14 00:00:00,91570.8,1,2023-04-02 00:00:00,6,407306,2,Profile,3,Blacksmith,2,White,201,20,2023-05-02 00:00:00,62029606205251,4320,7261.22,2023-12-15 20:30:41,
77,2021-06-14 00:00:00,91570.8,1,7.19,38,3010/00,2,Profile,4,Módena,2,White,131,20,2023-05-07 00:00:00,1065.66,2810.88,7975.72,2023-12-15 12:29:15,
77,2021-06-14 00:00:00,91570.8,6,2023-09-01 00:00:00,39,405421,2,Profile,4,Módena,2,White,323,20,2023-03-04 00:00:00,1327.63,2810.88,7975.72,2023-12-15 12:29:15,
77,2021-06-14 00:00:00,91570.8,4,4,40,405480,2,Profile,4,Módena,2,White,130,30,4,636.95,2810.88,7975.72,2023-12-15 19:27:13,
78,2021-06-14 00:00:00,91569.63,1,7.15,38,3010/00,2,Profile,4,Módena,2,White,131,20,2023-05-07 00:00:00,1065.66,2810.88,7975.72,2023-12-15 12:29:15,
78,2021-06-14 00:00:00,91569.63,1,7.15,38,3010/00,2,Profile,4,Módena,2,White,131,20,2023-05-07 00:00:00,1065.66,2810.88,7975.72,2023-12-15 12:29:15,
78,2021-06-14 00:00:00,91569.63,6,2023-09-01 00:00:00,39,405421,2,Profile,4,Módena,2,White,323,20,2023-03-04 00:00:00,1327.63,2810.88,7975.72,2023-12-15 12:29:15,
78,2021-06-14 00:00:00,91569.63,6,2023-09-01 00:00:00,39,405421,2,Profile,4,Módena,2,White,323,20,2023-03-04 00:00:00,1327.63,2810.88,7975.72,2023-12-15 12:29:15,
78,2021-06-14 00:00:00,91569.63,4,4,40,405480,2,Profile,4,Módena,2,White,130,30,4,636.95,2810.88,7975.72,2023-12-15 19:27:13,
78,2021-06-14 00:00:00,91569.63,4,4,40,405480,2,Profile,4,Módena,2,White,130,30,4,636.95,2810.88,7975.72,2023-12-15 19:27:13,
78,2021-06-14 00:00:00,91569.63,3,5,20,403838,2,Profile,3,Blacksmith,2,White,156,5,2023-06-06 00:00:00,1033.88,2459.52,7261.22,2023-12-15 14:32:09,
78,2021-06-14 00:00:00,91569.63,3,5,20,403838,2,Profile,3,Blacksmith,2,White,156,5,2023-06-06 00:00:00,1033.88,2459.52,7261.22,2023-12-15 14:32:09,
78,2021-06-14 00:00:00,91569.63,1,2023-03-02 00:00:00,8,407337,2,Profile,3,Blacksmith,2,White,122,20,2023-05-02 00:00:00,18853606205251,2869.44,7261.22,2023-12-15 20:30:41,
78,2021-06-14 00:00:00,91569.63,1,2023-03-02 00:00:00,8,407337,2,Profile,3,Blacksmith,2,White,122,20,2023-05-02 00:00:00,18853606205251,2869.44,7261.22,2023-12-15 20:30:41,
78,2021-06-14 00:00:00,91569.63,4,2023-03-03 00:00:00,18,3005/36,2,Profile,3,Blacksmith,2,White,242,0,2023-05-03 00:00:00,907.09,2664.48,7261.22,2023-12-15 14:32:09,
78,2021-06-14 00:00:00,91569.63,4,2023-03-03 00:00:00,18,3005/36,2,Profile,3,Blacksmith,2,White,242,0,2023-05-03 00:00:00,907.09,2664.48,7261.22,2023-12-15 14:32:09,
78,2021-06-14 00:00:00,91569.63,1,2023-02-04 00:00:00,19,3005/37,2,Profile,3,Blacksmith,2,White,0,0,2023-09-06 00:00:00,1,2459.52,7261.22,2023-12-15 12:29:15,
78,2021-06-14 00:00:00,91569.63,1,2023-02-04 00:00:00,19,3005/37,2,Profile,3,Blacksmith,2,White,0,0,2023-09-06 00:00:00,1,2459.52,7261.22,2023-12-15 12:29:15,
78,2021-06-14 00:00:00,91569.63,4,0.93,24,403776,2,Profile,3,Blacksmith,2,White,737,30,2023-06-01 00:00:00,1015.94,2459.52,7261.22,2023-12-15 20:30:41,
78,2021-06-14 00:00:00,91569.63,4,0.93,24,403776,2,Profile,3,Blacksmith,2,White,737,30,2023-06-01 00:00:00,1015.94,2459.52,7261.22,2023-12-15 20:30:41,
78,2021-06-14 00:00:00,91569.63,1,2023-04-02 00:00:00,6,407306,2,Profile,3,Blacksmith,2,White,201,20,2023-05-02 00:00:00,62029606205251,4320,7261.22,2023-12-15 20:30:41,
78,2021-06-14 00:00:00,91569.63,1,2023-04-02 00:00:00,6,407306,2,Profile,3,Blacksmith,2,White,201,20,2023-05-02 00:00:00,62029606205251,4320,7261.22,2023-12-15 20:30:41,
78,2021-06-14 00:00:00,91569.63,3,2.61,4,407278,2,Profile,3,Blacksmith,2,White,476,15,2023-05-02 00:00:00,14890460620525,2869.44,7261.22,2023-12-15 20:30:41,
78,2021-06-14 00:00:00,91569.63,3,2.61,4,407278,2,Profile,3,Blacksmith,2,White,476,15,2023-05-02 00:00:00,14890460620525,2869.44,7261.22,2023-12-15 20:30:41,
78,2021-06-14 00:00:00,91569.63,1,2023-06-03 00:00:00,2,407247,2,Profile,3,Blacksmith,2,White,220,20,2023-06-03 00:00:00,90668832935561,2664.48,7261.22,2023-12-15 20:26:49,
78,2021-06-14 00:00:00,91569.63,1,2023-06-03 00:00:00,2,407247,2,Profile,3,Blacksmith,2,White,220,20,2023-06-03 00:00:00,90668832935561,2664.48,7261.22,2023-12-15 20:26:49,
78,2021-06-14 00:00:00,91569.63,1,3.32,309,3010/48,2,Profile,4,Módena,2,White,111,0,4,460.09,2810.88,7975.72,2023-12-15 12:29:15,
78,2021-06-14 00:00:00,91569.63,1,3.32,309,3010/48,2,Profile,4,Módena,2,White,111,0,4,460.09,2810.88,7975.72,2023-12-15 12:29:15,
78,2021-06-14 00:00:00,91569.63,1,4.31,41,405511,2,Profile,4,Módena,2,White,215,20,2023-06-03 00:00:00,756.8,2810.88,7975.72,2023-12-15 19:27:13,
78,2021-06-14 00:00:00,91569.63,1,4.31,41,405511,2,Profile,4,Módena,2,White,215,20,2023-06-03 00:00:00,756.8,2810.88,7975.72,2023-12-15 19:27:13,
78,2021-06-14 00:00:00,91569.63,4,2023-03-04 00:00:00,43,405602,2,Profile,4,Módena,2,White,82,30,4,335.08,2810.88,7975.72,2023-12-15 19:27:13,
78,2021-06-14 00:00:00,91569.63,4,2023-03-04 00:00:00,43,405602,2,Profile,4,Módena,2,White,82,30,4,335.08,2810.88,7975.72,2023-12-15 19:27:13,
79,2021-06-14 00:00:00,58888.74,2,3.99,43,405602,2,Profile,4,Módena,2,White,82,30,4,335.08,2810.88,7975.72,2023-12-15 19:27:13,
79,2021-06-14 00:00:00,58888.74,2,2023-05-07 00:00:00,38,3010/00,2,Profile,4,Módena,2,White,131,20,2023-05-07 00:00:00,1065.66,2810.88,7975.72,2023-12-15 12:29:15,
79,2021-06-14 00:00:00,58888.74,2,3.41,23,403746,2,Profile,3,Blacksmith,2,White,107,0,2023-05-03 00:00:00,471.38,2459.52,7261.22,2023-12-15 20:30:41,
79,2021-06-14 00:00:00,58888.74,5,5.21,14,3005/33,2,Profile,3,Blacksmith,2,White,189,0,2023-06-06 00:00:00,15533236038186,4320,7261.22,2023-12-15 20:26:49,
79,2021-06-14 00:00:00,58888.74,3,2023-04-02 00:00:00,11,3005/76,2,Profile,3,Blacksmith,2,White,76,0,2.64,238.93,4320,7261.22,2023-12-15 12:29:15,
79,2021-06-14 00:00:00,58888.74,3,2.52,12,3005/77,2,Profile,3,Blacksmith,2,White,231,0,2023-05-02 00:00:00,586.82,2459.52,7261.22,2023-12-15 20:26:49,
80,2021-06-15 00:00:00,3200,1,,90,,3,Accessories,5,Weatherstripping,1,Not Applicable,109,0,0,0,19907,31000,2023-12-15 17:55:59,
81,2021-06-15 00:00:00,2100,12,,170,H33 NEGRO,3,Accessories,7,Fittings,5,Black,563,0,0,0,463.6,2000,2023-12-15 17:55:59,
82,2021-06-15 00:00:00,2100,12,,170,H33 NEGRO,3,Accessories,7,Fittings,5,Black,563,0,0,0,463.6,2000,2023-12-15 17:55:59,
83,2021-06-15 00:00:00,12324.72,4,2023-02-02 00:00:00,13,403715,2,Profile,3,Blacksmith,2,White,16,42,2023-02-02 00:00:00,36.8,4800,7261.22,2023-12-15 20:13:56,
83,2021-06-15 00:00:00,12324.72,1,1,24,403776,2,Profile,3,Blacksmith,2,White,737,30,2023-06-01 00:00:00,1015.94,2459.52,7261.22,2023-12-15 20:30:41,
83,2021-06-15 00:00:00,12324.72,5,2023-01-01 00:00:00,56,405572,2,Profile,4,Módena,3,Colonial Bronze,395,5,2023-02-01 00:00:00,476.73,2840.16,3840.16,2023-12-15 12:29:15,
84,2021-06-15 00:00:00,3816,2,2023-04-02 00:00:00,4,407278,2,Profile,3,Blacksmith,2,White,476,15,2023-05-02 00:00:00,14890460620525,2869.44,7261.22,2023-12-15 20:30:41,
85,2021-06-15 00:00:00,4253-04-01 00:00:00,1,2023-01-05 00:00:00,14,3005/33,2,Profile,3,Blacksmith,2,White,189,0,2023-06-06 00:00:00,15533236038186,4320,7261.22,2023-12-15 20:26:49,
86,2021-06-15 00:00:00,7550,1000,,529,TA45 6X7/16,3,Accessories,10,Screws,1,Not Applicable,36000,0,0,0,8.33,26.48,2023-12-15 12:29:16,
86,2021-06-15 00:00:00,7550,300,,112,E68,3,Accessories,6,Squares,1,Not Applicable,1850,0,0,0,34,100,2023-12-15 12:29:15,
87,2021-06-15 00:00:00,4243-02-01 00:00:00,1,2023-04-02 00:00:00,4,407278,2,Profile,3,Blacksmith,2,White,476,15,2023-05-02 00:00:00,14890460620525,2869.44,7261.22,2023-12-15 20:30:41,
87,2021-06-15 00:00:00,4243-02-01 00:00:00,1,2023-08-02 00:00:00,27,3005/24,2,Profile,3,Blacksmith,2,White,61,0,2023-07-02 00:00:00,166.48,2605.92,7261.22,2023-12-15 13:53:52,
88,2021-06-15 00:00:00,34596.75,3,2023-03-02 00:00:00,8,407337,2,Profile,3,Blacksmith,2,White,122,20,2023-05-02 00:00:00,18853606205251,2869.44,7261.22,2023-12-15 20:30:41,
88,2021-06-15 00:00:00,34596.75,6,,175,H57,3,Accessories,7,Fittings,1,Not Applicable,1,0,0,0,497.76,3533.27,2023-12-15 12:29:15,
88,2021-06-15 00:00:00,34596.75,3,2.49,4,407278,2,Profile,3,Blacksmith,2,White,476,15,2023-05-02 00:00:00,14890460620525,2869.44,7261.22,2023-12-15 20:30:41,
88,2021-06-15 00:00:00,34596.75,3,2023-03-02 00:00:00,6,407306,2,Profile,3,Blacksmith,2,White,201,20,2023-05-02 00:00:00,62029606205251,4320,7261.22,2023-12-15 20:30:41,
88,2021-06-15 00:00:00,34596.75,6,3.23,2,407247,2,Profile,3,Blacksmith,2,White,220,20,2023-06-03 00:00:00,90668832935561,2664.48,7261.22,2023-12-15 20:26:49,
89,2021-06-15 00:00:00,1382.5,1,,205,,3,Accessories,8,Plastics,1,Not Applicable,1321,200,0,0,8,25.74,2023-12-15 12:29:15,
89,2021-06-15 00:00:00,1382.5,300,,534,TA73 6x1-5/8,3,Accessories,10,Screws,1,Not Applicable,20,500,0,0,7.54,38.79,2023-12-15 12:29:16,
90,2021-06-15 00:00:00,3225,2,2.15,294,405541,2,Profile,4,Módena,4,Natural,351,0,2023-03-02 00:00:00,1210.99,4020,7300,2023-12-15 18:59:06,
91,2021-06-15 00:00:00,36620.94,2,2023-06-01 00:00:00,44,3010/13,2,Profile,4,Módena,2,White,210,20,2023-06-01 00:00:00,333.09,2810.88,7975.72,2023-12-15 12:29:15,
91,2021-06-15 00:00:00,36620.94,3,2023-07-04 00:00:00,45,3010/16,2,Profile,4,Módena,2,White,262,5,4.78,1281.68,4800,7975.72,2023-12-15 19:15:02,
91,2021-06-15 00:00:00,36620.94,4,2023-03-01 00:00:00,300,3010/20,2,Profile,4,Módena,2,White,44,20,2023-02-01 00:00:00,56.54,2810.88,7975.72,2023-12-15 12:29:15,
91,2021-06-15 00:00:00,36620.94,1,4.89,303,3010/24,2,Profile,4,Módena,2,White,17,0,2023-04-04 00:00:00,80.73,2810.88,7975.72,2023-12-15 12:29:15,
91,2021-06-15 00:00:00,36620.94,8,1.34,305,3010/30,2,Profile,4,Módena,2,White,254,0,2023-06-01 00:00:00,416.25,4800,7975.72,2023-12-15 20:10:23,
91,2021-06-15 00:00:00,36620.94,1,2023-08-05 00:00:00,506,3010/14,2,Profile,4,Módena,2,White,85,15,2023-05-06 00:00:00,52672988066826,4320,7975.72,2023-12-15 19:15:02,
92,2021-06-15 00:00:00,7676-06-01 00:00:00,1,,209,T87,3,Accessories,8,Plastics,1,Not Applicable,198,0,0,0,27,67.32,2023-12-15 12:29:15,
92,2021-06-15 00:00:00,7676-06-01 00:00:00,1,,214,T96,3,Accessories,8,Plastics,1,Not Applicable,178,0,0,0,1150,3961.55,2023-12-15 19:15:02,
92,2021-06-15 00:00:00,7676-06-01 00:00:00,8,,110,E67,3,Accessories,6,Squares,1,Not Applicable,921,0,0,0,76.13,549.79,2023-12-15 19:15:02,
92,2021-06-15 00:00:00,7676-06-01 00:00:00,8,,113,E70,3,Accessories,6,Squares,1,Not Applicable,1767,50,0,0,700,2150,2023-12-15 19:15:02,
92,2021-06-15 00:00:00,7676-06-01 00:00:00,1,,79,B52,3,Accessories,5,Weatherstripping,1,Not Applicable,46,0,0,0,10000,18600,2023-12-15 15:15:55,
92,2021-06-15 00:00:00,7676-06-01 00:00:00,1,,514,B67,3,Accessories,5,Weatherstripping,1,Not Applicable,0,0,0,0,5635.18,23380.25,2023-12-15 12:29:15,
92,2021-06-15 00:00:00,7676-06-01 00:00:00,12,0,105,E69,3,Accessories,6,Squares,1,Not Applicable,4423,300,0,0,446,2067,2023-12-15 19:15:02,
93,2021-06-15 00:00:00,64164244,1,,86,RULO,3,Accessories,5,Weatherstripping,1,Not Applicable,16,0,0,0,26000,40000,2023-12-15 15:07:18,
93,2021-06-15 00:00:00,64164244,1,2023-08-05 00:00:00,20,403838,2,Profile,3,Blacksmith,2,White,156,5,2023-06-06 00:00:00,1033.88,2459.52,7261.22,2023-12-15 14:32:09,
93,2021-06-15 00:00:00,64164244,6,2023-03-05 00:00:00,14,3005/33,2,Profile,3,Blacksmith,2,White,189,0,2023-06-06 00:00:00,15533236038186,4320,7261.22,2023-12-15 20:26:49,
93,2021-06-15 00:00:00,64164244,3,2023-04-03 00:00:00,18,3005/36,2,Profile,3,Blacksmith,2,White,242,0,2023-05-03 00:00:00,907.09,2664.48,7261.22,2023-12-15 14:32:09,
93,2021-06-15 00:00:00,64164244,1,6,19,3005/37,2,Profile,3,Blacksmith,2,White,0,0,2023-09-06 00:00:00,1,2459.52,7261.22,2023-12-15 12:29:15,
93,2021-06-15 00:00:00,64164244,6,1111,42,405572,2,Profile,4,Módena,2,White,559,30,2023-02-01 00:00:00,762.72,2810.88,7975.72,2023-12-15 20:10:23,
93,2021-06-15 00:00:00,64164244,18,,166,FLH1 negro,3,Accessories,7,Fittings,1,Not Applicable,498,100,0,0,469.7,2066.44,2023-12-15 12:29:15,
93,2021-06-15 00:00:00,64164244,2,2023-07-03 00:00:00,292,3005/68,2,Profile,3,Blacksmith,2,White,172,10,2023-05-03 00:00:00,602.56,4320,7261.22,2023-12-15 17:55:58,
94,2021-06-15 00:00:00,1100,1,,141,3010/53,2,Profile,4,Módena,2,White,8,0,3.94,44.28,2810.88,8178,2023-12-15 12:29:15,
95,2021-06-15 00:00:00,2085,1,2023-05-02 00:00:00,11,3005/76,2,Profile,3,Blacksmith,2,White,76,0,2.64,238.93,4320,7261.22,2023-12-15 12:29:15,
96,2021-06-15 00:00:00,360,4,,226,,3,Accessories,9,Wheels,1,Not Applicable,0,100,0,0,23,44.28,2023-03-03 16:33:17,2023-03-03 16:33:17
96,2021-06-15 00:00:00,360,2,,183,LZ NEGRO,3,Accessories,7,Fittings,1,Not Applicable,352,0,0,0,206,792,2023-12-15 17:29:12,
97,2021-06-15 00:00:00,2085,1,2023-05-02 00:00:00,11,3005/76,2,Profile,3,Blacksmith,2,White,76,0,2.64,238.93,4320,7261.22,2023-12-15 12:29:15,
98,2021-06-15 00:00:00,9080,20,,174,H56,3,Accessories,7,Fittings,5,Black,0,20,0,0,1326.14,6122.47,2023-12-15 12:29:15,
98,2021-06-15 00:00:00,9080,1,,94,TAPA CANTO,3,Accessories,5,Weatherstripping,1,Not Applicable,56,0,0,0,4355-04-01 00:00:00,18201.65,2023-12-15 12:29:15,
99,2021-06-15 00:00:00,1918-02-01 00:00:00,1,2023-03-02 00:00:00,11,3005/76,2,Profile,3,Blacksmith,2,White,76,0,2.64,238.93,4320,7261.22,2023-12-15 12:29:15,
100,2021-06-15 00:00:00,8617-08-01 00:00:00,1,2.35,8,407337,2,Profile,3,Blacksmith,2,White,122,20,2023-05-02 00:00:00,18853606205251,2869.44,7261.22,2023-12-15 20:30:41,
100,2021-06-15 00:00:00,8617-08-01 00:00:00,1,2023-06-03 00:00:00,2,407247,2,Profile,3,Blacksmith,2,White,220,20,2023-06-03 00:00:00,90668832935561,2664.48,7261.22,2023-12-15 20:26:49,
100,2021-06-15 00:00:00,8617-08-01 00:00:00,1,2023-05-02 00:00:00,4,407278,2,Profile,3,Blacksmith,2,White,476,15,2023-05-02 00:00:00,14890460620525,2869.44,7261.22,2023-12-15 20:30:41,
100,2021-06-15 00:00:00,8617-08-01 00:00:00,1,2.39,6,407306,2,Profile,3,Blacksmith,2,White,201,20,2023-05-02 00:00:00,62029606205251,4320,7261.22,2023-12-15 20:30:41,
101,2021-06-15 00:00:00,2640,12,,177,H61 blanco,3,Accessories,7,Fittings,2,White,437,0,0,0,1013,3618.92,2023-12-15 12:29:15,
102,2021-06-15 00:00:00,16177.7,2,2.65,6,407306,2,Profile,3,Blacksmith,2,White,201,20,2023-05-02 00:00:00,62029606205251,4320,7261.22,2023-12-15 20:30:41,
102,2021-06-15 00:00:00,16177.7,2,3.71,2,407247,2,Profile,3,Blacksmith,2,White,220,20,2023-06-03 00:00:00,90668832935561,2664.48,7261.22,2023-12-15 20:26:49,
102,2021-06-15 00:00:00,16177.7,2,2.67,8,407337,2,Profile,3,Blacksmith,2,White,122,20,2023-05-02 00:00:00,18853606205251,2869.44,7261.22,2023-12-15 20:30:41,
102,2021-06-15 00:00:00,16177.7,2,,269,PH CORTO,3,Accessories,10,Screws,1,Not Applicable,45,0,0,0,160.55,914.27,2023-12-15 12:29:15,
102,2021-06-15 00:00:00,16177.7,2,,270,PH LARGO,3,Accessories,10,Screws,1,Not Applicable,89,0,0,0,244,1521.49,2023-12-15 12:29:15,
102,2021-06-15 00:00:00,16177.7,800,,205,,3,Accessories,8,Plastics,1,Not Applicable,1321,200,0,0,8,25.74,2023-12-15 12:29:15,
103,2021-06-15 00:00:00,242,4,,221,,3,Accessories,9,Wheels,1,Not Applicable,780,0,0,0,109.8,553.28,2023-12-15 17:55:59,
104,2021-06-15 00:00:00,792,24,,122,,3,Accessories,6,Squares,1,Not Applicable,27,0,0,0,18.91,142.69,2023-12-15 12:29:15,
105,2021-06-15 00:00:00,17180.4,1,2023-03-01 00:00:00,305,3010/30,2,Profile,4,Módena,2,White,254,0,2023-06-01 00:00:00,416.25,4800,7975.72,2023-12-15 20:10:23,
105,2021-06-15 00:00:00,17180.4,10,1,42,405572,2,Profile,4,Módena,2,White,559,30,2023-02-01 00:00:00,762.72,2810.88,7975.72,2023-12-15 20:10:23,
105,2021-06-15 00:00:00,17180.4,2,4.65,45,3010/16,2,Profile,4,Módena,2,White,262,5,4.78,1281.68,4800,7975.72,2023-12-15 19:15:02,
106,2021-06-15 00:00:00,467,4,,226,,3,Accessories,9,Wheels,1,Not Applicable,0,100,0,0,23,44.28,2023-03-03 16:33:17,2023-03-03 16:33:17
106,2021-06-15 00:00:00,467,1,,154,,3,Accessories,7,Fittings,1,Not Applicable,11,0,0,0,250,1087.06,2023-12-15 12:29:15,
106,2021-06-15 00:00:00,467,4,,122,,3,Accessories,6,Squares,1,Not Applicable,27,0,0,0,18.91,142.69,2023-12-15 12:29:15,
107,2021-06-15 00:00:00,25539.25,16,,122,,3,Accessories,6,Squares,1,Not Applicable,27,0,0,0,18.91,142.69,2023-12-15 12:29:15,
107,2021-06-15 00:00:00,25539.25,3,,226,,3,Accessories,9,Wheels,1,Not Applicable,0,100,0,0,23,44.28,2023-03-03 16:33:17,2023-03-03 16:33:17
107,2021-06-15 00:00:00,25539.25,1000,,529,TA45 6X7/16,3,Accessories,10,Screws,1,Not Applicable,36000,0,0,0,8.33,26.48,2023-12-15 12:29:16,
107,2021-06-15 00:00:00,25539.25,12,,219,R39SR,3,Accessories,9,Wheels,1,Not Applicable,1092,100,0,0,396,1499.38,2023-12-15 12:29:15,
107,2021-06-15 00:00:00,25539.25,4,2023-07-03 00:00:00,2,407247,2,Profile,3,Blacksmith,2,White,220,20,2023-06-03 00:00:00,90668832935561,2664.48,7261.22,2023-12-15 20:26:49,
107,2021-06-15 00:00:00,25539.25,1,2.55,6,407306,2,Profile,3,Blacksmith,2,White,201,20,2023-05-02 00:00:00,62029606205251,4320,7261.22,2023-12-15 20:30:41,
107,2021-06-15 00:00:00,25539.25,2,2023-05-02 00:00:00,4,407278,2,Profile,3,Blacksmith,2,White,476,15,2023-05-02 00:00:00,14890460620525,2869.44,7261.22,2023-12-15 20:30:41,
107,2021-06-15 00:00:00,25539.25,200,,205,,3,Accessories,8,Plastics,1,Not Applicable,1321,200,0,0,8,25.74,2023-12-15 12:29:15,
107,2021-06-15 00:00:00,25539.25,100,,248,T95 Blanco,3,Accessories,8,Plastics,1,Not Applicable,5700,100,0,0,2023-03-10 00:00:00,23.76,2023-12-15 12:29:15,
107,2021-06-15 00:00:00,25539.25,6,,524,,3,Accessories,8,Plastics,1,Not Applicable,0,0,0,0,0,30.75,2022-09-09 18:49:28,2022-09-09 18:49:28
107,2021-06-15 00:00:00,25539.25,1,2023-06-02 00:00:00,8,407337,2,Profile,3,Blacksmith,2,White,122,20,2023-05-02 00:00:00,18853606205251,2869.44,7261.22,2023-12-15 20:30:41,
108,2021-06-15 00:00:00,23696.4,2,2023-05-02 00:00:00,8,407337,2,Profile,3,Blacksmith,2,White,122,20,2023-05-02 00:00:00,18853606205251,2869.44,7261.22,2023-12-15 20:30:41,
108,2021-06-15 00:00:00,23696.4,2,2.51,4,407278,2,Profile,3,Blacksmith,2,White,476,15,2023-05-02 00:00:00,14890460620525,2869.44,7261.22,2023-12-15 20:30:41,
108,2021-06-15 00:00:00,23696.4,2,2.55,6,407306,2,Profile,3,Blacksmith,2,White,201,20,2023-05-02 00:00:00,62029606205251,4320,7261.22,2023-12-15 20:30:41,
108,2021-06-15 00:00:00,23696.4,5,2023-08-02 00:00:00,27,3005/24,2,Profile,3,Blacksmith,2,White,61,0,2023-07-02 00:00:00,166.48,2605.92,7261.22,2023-12-15 13:53:52,
109,2021-06-15 00:00:00,3200,1,,90,,3,Accessories,5,Weatherstripping,1,Not Applicable,109,0,0,0,19907,31000,2023-12-15 17:55:59,
110,2021-06-15 00:00:00,74104.4,4,2023-02-03 00:00:00,292,3005/68,2,Profile,3,Blacksmith,2,White,172,10,2023-05-03 00:00:00,602.56,4320,7261.22,2023-12-15 17:55:58,
110,2021-06-15 00:00:00,74104.4,3,2023-02-03 00:00:00,18,3005/36,2,Profile,3,Blacksmith,2,White,242,0,2023-05-03 00:00:00,907.09,2664.48,7261.22,2023-12-15 14:32:09,
110,2021-06-15 00:00:00,74104.4,1,5,19,3005/37,2,Profile,3,Blacksmith,2,White,0,0,2023-09-06 00:00:00,1,2459.52,7261.22,2023-12-15 12:29:15,
110,2021-06-15 00:00:00,74104.4,2,2023-08-05 00:00:00,20,403838,2,Profile,3,Blacksmith,2,White,156,5,2023-06-06 00:00:00,1033.88,2459.52,7261.22,2023-12-15 14:32:09,
110,2021-06-15 00:00:00,74104.4,4,2023-02-04 00:00:00,21,3005/13,2,Profile,3,Blacksmith,2,White,207,40,2023-05-04 00:00:00,951.18,2869.44,7261.22,2023-12-15 17:55:59,
110,2021-06-15 00:00:00,74104.4,4,,538,R42,3,Accessories,9,Wheels,1,Not Applicable,1106,50,0,0,2361,4149,2023-12-15 19:32:10,
110,2021-06-15 00:00:00,74104.4,4,2023-02-05 00:00:00,68,ADR 63,2,Profile,13,Round 640,2,White,71,30,7,472.52,4800,7800,2023-12-15 12:29:15,
110,2021-06-15 00:00:00,74104.4,2,0,159,CP 25,3,Accessories,7,Fittings,2,White,413,50,0,0,4056,7332,2023-12-15 12:29:15,
110,2021-06-15 00:00:00,74104.4,3,,171,H50 cuadrado,3,Accessories,7,Fittings,2,White,30,20,0,0,11808,21254,2023-12-15 12:29:15,
110,2021-06-15 00:00:00,74104.4,3,,141,3010/53,2,Profile,4,Módena,2,White,8,0,3.94,44.28,2810.88,8178,2023-12-15 12:29:15,
111,2021-06-15 00:00:00,19080,1,2023-03-02 00:00:00,8,407337,2,Profile,3,Blacksmith,2,White,122,20,2023-05-02 00:00:00,18853606205251,2869.44,7261.22,2023-12-15 20:30:41,
111,2021-06-15 00:00:00,19080,1,2023-03-02 00:00:00,6,407306,2,Profile,3,Blacksmith,2,White,201,20,2023-05-02 00:00:00,62029606205251,4320,7261.22,2023-12-15 20:30:41,
111,2021-06-15 00:00:00,19080,4,2023-06-03 00:00:00,2,407247,2,Profile,3,Blacksmith,2,White,220,20,2023-06-03 00:00:00,90668832935561,2664.48,7261.22,2023-12-15 20:26:49,
111,2021-06-15 00:00:00,19080,2,2023-05-02 00:00:00,4,407278,2,Profile,3,Blacksmith,2,White,476,15,2023-05-02 00:00:00,14890460620525,2869.44,7261.22,2023-12-15 20:30:41,
112,2021-06-15 00:00:00,7950,4,2023-05-02 00:00:00,4,407278,2,Profile,3,Blacksmith,2,White,476,15,2023-05-02 00:00:00,14890460620525,2869.44,7261.22,2023-12-15 20:30:41,
113,2021-06-16 00:00:00,4336-08-01 00:00:00,2,2023-06-02 00:00:00,11,3005/76,2,Profile,3,Blacksmith,2,White,76,0,2.64,238.93,4320,7261.22,2023-12-15 12:29:15,
114,2021-06-16 00:00:00,8160,24,,560,,4,Silicones,11,Silicones,2,White,0,0,0,0,457.5,1541.54,2023-12-15 12:29:16,
115,2021-06-16 00:00:00,34466.1,2,2023-07-03 00:00:00,292,3005/68,2,Profile,3,Blacksmith,2,White,172,10,2023-05-03 00:00:00,602.56,4320,7261.22,2023-12-15 17:55:58,
115,2021-06-16 00:00:00,34466.1,2,2.65,8,407337,2,Profile,3,Blacksmith,2,White,122,20,2023-05-02 00:00:00,18853606205251,2869.44,7261.22,2023-12-15 20:30:41,
115,2021-06-16 00:00:00,34466.1,1,2023-07-04 00:00:00,21,3005/13,2,Profile,3,Blacksmith,2,White,207,40,2023-05-04 00:00:00,951.18,2869.44,7261.22,2023-12-15 17:55:59,
115,2021-06-16 00:00:00,34466.1,1,2023-03-05 00:00:00,14,3005/33,2,Profile,3,Blacksmith,2,White,189,0,2023-06-06 00:00:00,15533236038186,4320,7261.22,2023-12-15 20:26:49,
115,2021-06-16 00:00:00,34466.1,4,2023-07-02 00:00:00,4,407278,2,Profile,3,Blacksmith,2,White,476,15,2023-05-02 00:00:00,14890460620525,2869.44,7261.22,2023-12-15 20:30:41,
115,2021-06-16 00:00:00,34466.1,2,2.65,6,407306,2,Profile,3,Blacksmith,2,White,201,20,2023-05-02 00:00:00,62029606205251,4320,7261.22,2023-12-15 20:30:41,
115,2021-06-16 00:00:00,34466.1,1,2023-07-03 00:00:00,2,407247,2,Profile,3,Blacksmith,2,White,220,20,2023-06-03 00:00:00,90668832935561,2664.48,7261.22,2023-12-15 20:26:49,
116,2021-06-16 00:00:00,3884,12,,220,R40,3,Accessories,9,Wheels,1,Not Applicable,0,100,0,0,364.78,1690.52,2023-12-15 12:29:15,
116,2021-06-16 00:00:00,3884,1,,141,3010/53,2,Profile,4,Módena,2,White,8,0,3.94,44.28,2810.88,8178,2023-12-15 12:29:15,
117,2021-06-16 00:00:00,17022,14,,113,E70,3,Accessories,6,Squares,1,Not Applicable,1767,50,0,0,700,2150,2023-12-15 19:15:02,
117,2021-06-16 00:00:00,17022,2,,240,H53 Largo,3,Accessories,14,Brazos,1,Not Applicable,157,20,0,0,1716.54,7188.52,2023-12-15 12:29:15,
117,2021-06-16 00:00:00,17022,16,0,105,E69,3,Accessories,6,Squares,1,Not Applicable,4423,300,0,0,446,2067,2023-12-15 19:15:02,
117,2021-06-16 00:00:00,17022,2,,139,H51,3,Accessories,7,Fittings,1,Not Applicable,79,0,0,0,22000,36463,2023-12-15 12:29:15,
117,2021-06-16 00:00:00,17022,2,,172,H50 cuadrado,3,Accessories,7,Fittings,5,Black,71,0,0,0,11808,21254,2023-12-15 12:29:15,
117,2021-06-16 00:00:00,17022,10,,239,H79,3,Accessories,7,Fittings,1,Not Applicable,150,0,0,0,1005.28,4149.52,2023-12-15 19:15:02,
117,2021-06-16 00:00:00,17022,4,,169,H61 negra,3,Accessories,7,Fittings,1,Not Applicable,353,0,0,0,1013,3618.92,2023-12-15 19:55:27,
118,2021-06-16 00:00:00,14622,4,,169,H61 negra,3,Accessories,7,Fittings,1,Not Applicable,353,0,0,0,1013,3618.92,2023-12-15 19:55:27,
118,2021-06-16 00:00:00,14622,2,,172,H50 cuadrado,3,Accessories,7,Fittings,5,Black,71,0,0,0,11808,21254,2023-12-15 12:29:15,
118,2021-06-16 00:00:00,14622,10,,239,H79,3,Accessories,7,Fittings,1,Not Applicable,150,0,0,0,1005.28,4149.52,2023-12-15 19:15:02,
118,2021-06-16 00:00:00,14622,2,,563,857/40 ANDIF F16,3,Accessories,7,Fittings,1,Not Applicable,75,0,0,0,9311,16295,2023-12-15 17:55:59,
118,2021-06-16 00:00:00,14622,16,0,105,E69,3,Accessories,6,Squares,1,Not Applicable,4423,300,0,0,446,2067,2023-12-15 19:15:02,
118,2021-06-16 00:00:00,14622,14,,113,E70,3,Accessories,6,Squares,1,Not Applicable,1767,50,0,0,700,2150,2023-12-15 19:15:02,
118,2021-06-16 00:00:00,14622,2,,240,H53 Largo,3,Accessories,14,Brazos,1,Not Applicable,157,20,0,0,1716.54,7188.52,2023-12-15 12:29:15,
119,2021-06-16 00:00:00,4432.28,3,1.14,42,405572,2,Profile,4,Módena,2,White,559,30,2023-02-01 00:00:00,762.72,2810.88,7975.72,2023-12-15 20:10:23,
119,2021-06-16 00:00:00,4432.28,4,,548,NEGRO TOKIO,3,Accessories,7,Fittings,5,Black,50,50,0,0,292.8,2637.23,2023-12-15 12:29:16,
120,2021-06-16 00:00:00,5803-05-01 00:00:00,2,3.65,2,407247,2,Profile,3,Blacksmith,2,White,220,20,2023-06-03 00:00:00,90668832935561,2664.48,7261.22,2023-12-15 20:26:49,
121,2021-06-16 00:00:00,8000,2,,86,RULO,3,Accessories,5,Weatherstripping,1,Not Applicable,16,0,0,0,26000,40000,2023-12-15 15:07:18,
122,2021-06-16 00:00:00,3502-08-01 00:00:00,1,3.21,23,403746,2,Profile,3,Blacksmith,2,White,107,0,2023-05-03 00:00:00,471.38,2459.52,7261.22,2023-12-15 20:30:41,
122,2021-06-16 00:00:00,3502-08-01 00:00:00,1,0.99,24,403776,2,Profile,3,Blacksmith,2,White,737,30,2023-06-01 00:00:00,1015.94,2459.52,7261.22,2023-12-15 20:30:41,
123,2021-06-16 00:00:00,11289,1,2023-05-02 00:00:00,8,407337,2,Profile,3,Blacksmith,2,White,122,20,2023-05-02 00:00:00,18853606205251,2869.44,7261.22,2023-12-15 20:30:41,
123,2021-06-16 00:00:00,11289,1,2023-02-04 00:00:00,1,403595,2,Profile,3,Blacksmith,2,White,69,20,5,794.35,2752.32,7261.22,2023-12-15 20:30:41,
123,2021-06-16 00:00:00,11289,3,2023-05-02 00:00:00,4,407278,2,Profile,3,Blacksmith,2,White,476,15,2023-05-02 00:00:00,14890460620525,2869.44,7261.22,2023-12-15 20:30:41,
124,2021-06-16 00:00:00,424,20,,561,TA51 10X2,3,Accessories,10,Screws,1,Not Applicable,793,0,0,0,24.88,89.48,2023-12-15 12:29:16,
124,2021-06-16 00:00:00,424,8,,122,,3,Accessories,6,Squares,1,Not Applicable,27,0,0,0,18.91,142.69,2023-12-15 12:29:15,
125,2021-06-16 00:00:00,5258.45,1,2.55,6,407306,2,Profile,3,Blacksmith,2,White,201,20,2023-05-02 00:00:00,62029606205251,4320,7261.22,2023-12-15 20:30:41,
125,2021-06-16 00:00:00,5258.45,112,,561,TA51 10X2,3,Accessories,10,Screws,1,Not Applicable,793,0,0,0,24.88,89.48,2023-12-15 12:29:16,
125,2021-06-16 00:00:00,5258.45,1,2023-08-02 00:00:00,27,3005/24,2,Profile,3,Blacksmith,2,White,61,0,2023-07-02 00:00:00,166.48,2605.92,7261.22,2023-12-15 13:53:52,
126,2021-06-16 00:00:00,21488,1,,555,,3,Accessories,5,Weatherstripping,1,Not Applicable,1,0,0,0,9042.64,40573.08,2023-12-15 12:29:16,
126,2021-06-16 00:00:00,21488,4,,560,,4,Silicones,11,Silicones,2,White,0,0,0,0,457.5,1541.54,2023-12-15 12:29:16,
126,2021-06-16 00:00:00,21488,12,,220,R40,3,Accessories,9,Wheels,1,Not Applicable,0,100,0,0,364.78,1690.52,2023-12-15 12:29:15,
126,2021-06-16 00:00:00,21488,2,2023-03-04 00:00:00,41,405511,2,Profile,4,Módena,2,White,215,20,2023-06-03 00:00:00,756.8,2810.88,7975.72,2023-12-15 19:27:13,
126,2021-06-16 00:00:00,21488,1,2023-04-07 00:00:00,46,405664,2,Profile,4,Módena,2,White,79,0,2023-02-08 00:00:00,662.78,2810.88,7975.72,2023-12-15 19:27:13,
127,2021-06-16 00:00:00,3815,16,,121,H33 BLANCO,3,Accessories,7,Fittings,2,White,24,20,0,0,463.6,2000,2023-12-15 12:29:15,
127,2021-06-16 00:00:00,3815,35,,118,,3,Accessories,6,Squares,1,Not Applicable,635,100,0,0,53.68,211,2023-12-15 12:29:15,
128,2021-06-16 00:00:00,21814.08,3,3.25,23,403746,2,Profile,3,Blacksmith,2,White,107,0,2023-05-03 00:00:00,471.38,2459.52,7261.22,2023-12-15 20:30:41,
128,2021-06-16 00:00:00,21814.08,3,0.99,24,403776,2,Profile,3,Blacksmith,2,White,737,30,2023-06-01 00:00:00,1015.94,2459.52,7261.22,2023-12-15 20:30:41,
128,2021-06-16 00:00:00,21814.08,3,2023-08-02 00:00:00,27,3005/24,2,Profile,3,Blacksmith,2,White,61,0,2023-07-02 00:00:00,166.48,2605.92,7261.22,2023-12-15 13:53:52,
128,2021-06-16 00:00:00,21814.08,3,,171,H50 cuadrado,3,Accessories,7,Fittings,2,White,30,20,0,0,11808,21254,2023-12-15 12:29:15,
129,2021-06-16 00:00:00,14947.1,1,2.59,6,407306,2,Profile,3,Blacksmith,2,White,201,20,2023-05-02 00:00:00,62029606205251,4320,7261.22,2023-12-15 20:30:41,
129,2021-06-16 00:00:00,14947.1,1,2023-06-03 00:00:00,2,407247,2,Profile,3,Blacksmith,2,White,220,20,2023-06-03 00:00:00,90668832935561,2664.48,7261.22,2023-12-15 20:26:49,
129,2021-06-16 00:00:00,14947.1,1,2023-06-02 00:00:00,4,407278,2,Profile,3,Blacksmith,2,White,476,15,2023-05-02 00:00:00,14890460620525,2869.44,7261.22,2023-12-15 20:30:41,
129,2021-06-16 00:00:00,14947.1,1,2.59,8,407337,2,Profile,3,Blacksmith,2,White,122,20,2023-05-02 00:00:00,18853606205251,2869.44,7261.22,2023-12-15 20:30:41,
129,2021-06-16 00:00:00,14947.1,1,,90,,3,Accessories,5,Weatherstripping,1,Not Applicable,109,0,0,0,19907,31000,2023-12-15 17:55:59,
129,2021-06-16 00:00:00,14947.1,6,,131,LZ Blanco,3,Accessories,7,Fittings,1,Not Applicable,75,20,0,0,206,792,2023-12-15 17:29:12,
129,2021-06-16 00:00:00,14947.1,2,,142,,3,Accessories,7,Fittings,1,Not Applicable,5,0,0,0,359.9,2426.26,2023-12-15 12:29:15,
129,2021-06-16 00:00:00,14947.1,8,,218,R 39.5,3,Accessories,9,Wheels,1,Not Applicable,494,0,0,0,269,400,2023-02-27 15:08:13,2023-02-27 15:08:13
130,2021-06-11 00:00:00,1210,20,,221,,3,Accessories,9,Wheels,1,Not Applicable,780,0,0,0,109.8,553.28,2023-12-15 17:55:59,
131,2021-06-11 00:00:00,33863.52,6,4.13,73,3050/261,2,Profile,13,Round 640,2,White,0,10,2023-01-04 00:00:00,28421709430404,1250,1520,2022-10-11 12:45:42,2022-10-11 12:45:42
131,2021-06-11 00:00:00,33863.52,4,4.15,1,403595,2,Profile,3,Blacksmith,2,White,69,20,5,794.35,2752.32,7261.22,2023-12-15 20:30:41,
132,2021-06-16 00:00:00,9270,8,,219,R39SR,3,Accessories,9,Wheels,1,Not Applicable,1092,100,0,0,396,1499.38,2023-12-15 12:29:15,
132,2021-06-16 00:00:00,9270,1000,,254,TA33 8x1/2,3,Accessories,10,Screws,1,Not Applicable,1000,500,0,0,2023-01-05 00:00:00,29.57,2023-12-15 12:29:15,
132,2021-06-16 00:00:00,9270,4,,277,SIKA Negra,4,Silicones,11,Silicones,5,Black,0,100,0,0,0,0,2023-12-15 12:29:15,
132,2021-06-16 00:00:00,9270,1,,214,T96,3,Accessories,8,Plastics,1,Not Applicable,178,0,0,0,1150,3961.55,2023-12-15 19:15:02,
132,2021-06-16 00:00:00,9270,4,,174,H56,3,Accessories,7,Fittings,5,Black,0,20,0,0,1326.14,6122.47,2023-12-15 12:29:15,
132,2021-06-16 00:00:00,9270,8,0,105,E69,3,Accessories,6,Squares,1,Not Applicable,4423,300,0,0,446,2067,2023-12-15 19:15:02,
133,2021-06-16 00:00:00,1100,1,,557,SAL DVH,3,Accessories,2,Various,1,Not Applicable,155,0,0,0,5000,14400,2023-12-15 19:55:27,
134,2021-06-16 00:00:00,9270,4,,277,SIKA Negra,4,Silicones,11,Silicones,5,Black,0,100,0,0,0,0,2023-12-15 12:29:15,
134,2021-06-16 00:00:00,9270,1000,,254,TA33 8x1/2,3,Accessories,10,Screws,1,Not Applicable,1000,500,0,0,2023-01-05 00:00:00,29.57,2023-12-15 12:29:15,
134,2021-06-16 00:00:00,9270,8,,219,R39SR,3,Accessories,9,Wheels,1,Not Applicable,1092,100,0,0,396,1499.38,2023-12-15 12:29:15,
134,2021-06-16 00:00:00,9270,8,0,105,E69,3,Accessories,6,Squares,1,Not Applicable,4423,300,0,0,446,2067,2023-12-15 19:15:02,
134,2021-06-16 00:00:00,9270,4,,174,H56,3,Accessories,7,Fittings,5,Black,0,20,0,0,1326.14,6122.47,2023-12-15 12:29:15,
134,2021-06-16 00:00:00,9270,1,,214,T96,3,Accessories,8,Plastics,1,Not Applicable,178,0,0,0,1150,3961.55,2023-12-15 19:15:02,
135,2021-06-16 00:00:00,50772.94,1,2023-06-07 00:00:00,46,405664,2,Profile,4,Módena,2,White,79,0,2023-02-08 00:00:00,662.78,2810.88,7975.72,2023-12-15 19:27:13,
135,2021-06-16 00:00:00,50772.94,2,11,49,3010/40,2,Profile,4,Módena,2,White,29,5,11,339.38,4800,7975.72,2023-12-15 19:27:13,
135,2021-06-16 00:00:00,50772.94,1,2023-03-06 00:00:00,50,3010/41,2,Profile,4,Módena,2,White,47,0,2023-08-05 00:00:00,277.71,4800,7975.72,2023-12-15 19:27:13,
135,2021-06-16 00:00:00,50772.94,1,2023-03-04 00:00:00,41,405511,2,Profile,4,Módena,2,White,215,20,2023-06-03 00:00:00,756.8,2810.88,7975.72,2023-12-15 19:27:13,
135,2021-06-16 00:00:00,50772.94,1,1.18,42,405572,2,Profile,4,Módena,2,White,559,30,2023-02-01 00:00:00,762.72,2810.88,7975.72,2023-12-15 20:10:23,
135,2021-06-16 00:00:00,50772.94,2,4.25,43,405602,2,Profile,4,Módena,2,White,82,30,4,335.08,2810.88,7975.72,2023-12-15 19:27:13,
135,2021-06-16 00:00:00,50772.94,1,,171,H50 cuadrado,3,Accessories,7,Fittings,2,White,30,20,0,0,11808,21254,2023-12-15 12:29:15,
135,2021-06-16 00:00:00,50772.94,2,,520,,3,Accessories,7,Fittings,2,White,0,5,0,0,0,346.01,2023-12-15 12:29:15,
135,2021-06-16 00:00:00,50772.94,1,2023-03-04 00:00:00,40,405480,2,Profile,4,Módena,2,White,130,30,4,636.95,2810.88,7975.72,2023-12-15 19:27:13,
135,2021-06-16 00:00:00,50772.94,3,,137,,3,Accessories,7,Fittings,1,Not Applicable,45,20,0,0,385.52,13918.91,2023-12-15 12:29:15,
135,2021-06-16 00:00:00,50772.94,1,,139,H51,3,Accessories,7,Fittings,1,Not Applicable,79,0,0,0,22000,36463,2023-12-15 12:29:15,
136,2021-06-18 00:00:00,70875.5,100,,122,,3,Accessories,6,Squares,1,Not Applicable,27,0,0,0,18.91,142.69,2023-12-15 12:29:15,
136,2021-06-18 00:00:00,70875.5,400,,561,TA51 10X2,3,Accessories,10,Screws,1,Not Applicable,793,0,0,0,24.88,89.48,2023-12-15 12:29:16,
136,2021-06-18 00:00:00,70875.5,8,2023-05-02 00:00:00,8,407337,2,Profile,3,Blacksmith,2,White,122,20,2023-05-02 00:00:00,18853606205251,2869.44,7261.22,2023-12-15 20:30:41,
136,2021-06-18 00:00:00,70875.5,30,,527,,3,Accessories,7,Fittings,1,Not Applicable,1589,0,0,0,16.82,246.15,2023-12-15 12:29:16,
136,2021-06-18 00:00:00,70875.5,11,2023-05-03 00:00:00,2,407247,2,Profile,3,Blacksmith,2,White,220,20,2023-06-03 00:00:00,90668832935561,2664.48,7261.22,2023-12-15 20:26:49,
136,2021-06-18 00:00:00,70875.5,8,2.55,6,407306,2,Profile,3,Blacksmith,2,White,201,20,2023-05-02 00:00:00,62029606205251,4320,7261.22,2023-12-15 20:30:41,
137,2021-06-18 00:00:00,7536-08-01 00:00:00,1,,90,,3,Accessories,5,Weatherstripping,1,Not Applicable,109,0,0,0,19907,4810.88,2023-12-15 17:55:59,