DATE_2018,VAT_2018,GROSS_TOTAL_2018,NET_2018,DATE_2019,VAT_2019,GROSS_TOTAL_2019,NET_2019,DATE_2020,VAT_2020,GROSS_TOTAL_2020,NET_2020,DATE_2021,VAT_2021,GROSS_TOTAL_2021,NET_2021,DATE_2022,GROSS_TOTAL_2022
1-ene,"534,05","3077,05",17/12/1906,1/1/2019,"1321,83","7613,83",23-mar,1-ene,"1915,05","11294,5",4-sept,1-ene,"2693,83","15521,5",,1-ene,"30907,5"
2-ene,"571,85","3294,9",15/6/1907,2/1/2019,"521,1","3002,5",16-oct,2-ene,"1386,38","8118,12",5-jun,2-ene,"2552,62",14708,,2-ene,9930
3-ene,"922,72","5316,4",10/1/1912,3/1/2019,"1183,01","6816,55",3-jun,3-ene,"1154,36","6651,26",17-ene,3-ene,"2371,81","13666,25",,3-ene,12460
4-ene,"1329,93","8008,8",13/4/1918,4/1/2019,"1124,65",6480,29-ago,4-ene,"2537,19",14619,27-ene,4-ene,"1811,91",10440,,4-ene,"29759,5"
5-ene,"1044,88","6020,4",14/8/1913,5/1/2019,"2170,57","12506,44",17-abr,5-ene,"592,89","3416,25",23-sept,5-ene,"3231,19","18617,8",,5-ene,33541
6-ene,"2737,49","15773,21",8/9/1935,6/1/2019,"2119,07",12210,16-ago,6-ene,"1101,53",6412,15-jul,6-ene,"1675,49",9654,,6-ene,20085
7-ene,"1673,05","9639,79",22/10/1921,7/1/2019,"898,33","5176,1",16-sept,7-ene,"1386,03","8056,2",5-abr,7-ene,"3121,2",18064,,7-ene,29622
8-ene,"753,59","4342,05",27/10/1909,8/1/2019,"1150,21","6627,5",29-dic,8-ene,"1685,03","9709,01",18-dic,8-ene,"3315,92",19106,,8-ene,"44848,75"
9-ene,"696,54","4013,45",28/1/1909,9/1/2019,"1887,57",10876,9-ago,9-ene,"673,12","3878,52",9-oct,9-ene,"3194,59",18407,,9-ene,39117
10-ene,"1227,54","7072,8",1/1/1916,10/1/2019,"1189,25","6852,34",3-jul,10-ene,"1234,21","7111,52",2-feb,10-ene,"2956,49",17035,,10-ene,"20911,5"
11-ene,"2105,34","12130,75",12/6/1927,11/1/2019,"1489,84","8584,4",3-jun,11-ene,"1397,03","8049,5",18-mar,11-ene,"2920,03",16825,,11-ene,26610
12-ene,"2253,48","12984,37",17/5/1929,12/1/2019,"1127,27","6495,19",10-sept,12-ene,"1125,24","6483,5",1-sept,12-ene,"1523,88","8780,5",,12-ene,22815
13-ene,"3722,37","21447,57",11/7/1948,13/1/2019,"734,9","4234,49",30-jul,13-ene,"348,62","2008,8",17-jul,13-ene,"2891,77",16662,,13-ene,12201
14-ene,"1444,26","8321,65",29/10/1918,14/1/2019,"651,96","3756,5",30-jun,14-ene,"914,27","5268,02",1-dic,14-ene,"2295,35","13225,51",,14-ene,"56036,5"
15-ene,"1576,23","9081,75",18/7/1920,15/1/2019,"1306,58","7528,45",11-ene,15-ene,"1436,33","8295,91",11-oct,15-ene,"3448,68",19871,,15-ene,38947
16-ene,"2198,59","12667,92",29/8/1928,16/1/2019,"1143,44","6588,42",26-nov,16-ene,"1248,15","7191,81",8-abr,16-ene,"4358,53","25113,5",,16-ene,9065
17-ene,"2597,97","14963,53",7/11/1933,17/1/2019,"1234,02","7110,2",1-feb,17-ene,"1722,97","9927,51",17-jun,17-ene,"2229,12",12844,,17-ene,15972
18-ene,"3130,41","18037,12",22/10/1940,18/1/2019,"1599,82",9218,8-nov,18-ene,"2382,07","13725,31",20-ene,18-ene,"2560,07","14750,9",,18-ene,"16883,5"
19-ene,"3130,41","18037,12",22/10/1940,19/1/2019,"2449,04","14111,1",5-dic,19-ene,"1041,56","6001,35",29-jul,19-ene,"2161,62",12455,,19-ene,35797
20-ene,"2909,29","16763,1",4/12/1937,20/1/2019,"1146,12","6603,85",9-dic,20-ene,"1280,13",7376,7-sept,20-ene,"3452,78","19894,5",,20-ene,29010
21-ene,"1547,51","8916,5",3/3/1920,21/1/2019,"1621,56","9343,4",19-feb,21-ene,"2000,2",11525,27-ene,21-ene,"3458,74","19928,8",,21-ene,25171
22-ene,"1058,45","6098,59",18/10/1913,22/1/2019,"584,89","3370,2",16-ago,22-ene,"2523,47","14610,05",1-feb,22-ene,"2846,98",16404,,22-ene,25546
23-ene,"2641,14","15217,99",6/6/1934,23/1/2019,"1248,47","7193,5",10-abr,23-ene,"3119,53","17974,35",31-ago,23-ene,"4943,5",28484,,23-ene,5345
24-ene,"1561,29","8995,97",8/5/1920,24/1/2019,"2132,03","12284,5",17-oct,24-ene,"1758,08",10270,20-abr,24-ene,"2030,23",11698,,24-ene,"22420,01"
25-ene,"1795,8","10347,3",30/5/1923,25/1/2019,"1424,45","8207,8",27-jul,25-ene,"1490,16",8796,31-dic,25-ene,"3869,56",22296,,25-ene,15771
26-ene,"1711,2","9859,85",22/4/1922,26/1/2019,"1238,55","7136,4",22-feb,26-ene,"2158,72","12438,32",21-feb,26-ene,"1828,28","10534,4",,26-ene,36342
27-ene,"4929,82","855,6",2/11/1888,27/1/2019,"1548,61","8922,8",9-mar,27-ene,"2171,62","12512,6",22-abr,27-ene,"2808,72","16183,6",,27-ene,17431
28-ene,"6778,5","1176,44",27/8/1884,28/1/2019,"1323,5","7625,9",2-abr,28-ene,"2085,06",12014,7-mar,28-ene,"3795,33","21868,5",,28-ene,11536
29-ene,"5025,25","872,17",15/8/1888,29/1/2019,"1256,97","7242,5",20-may,29-ene,"1704,31",9820,20-mar,29-ene,"3946,1",22737,,29-ene,34290
30-ene,5042,"875,08",2/8/1888,30/1/2019,"1890,46","10892,6",23-ago,30-ene,"3709,46","21583,5",7-dic,30-ene,"3023,48",17421,,30-ene,"41863,5"
31-ene,3891,"675,31",11/3/1891,31/1/2019,"1086,96",6263,3-mar,31-ene,"3808,75","22085,77",14-ene,31-ene,"2063,19",11888,,31-ene,12535
1-feb,"1460,09","8412,88",12/1/1919,1/2/2109,"938,74",5409,27-mar,1-feb,"2084,05","12008,15",3-mar,1-feb,"2980,35","17345,5",,1-feb,14135
2-feb,"969,2","5584,5",19/8/1912,2/2/2109,"1605,18",9249,3-dic,2-feb,"1741,17","10032,4",12-sept,2-feb,"3054,37",17599,,2-feb,36635
3-feb,"1665,59","9596,9",17/9/1921,3/2/2109,"1124,45",6479,28-ago,3-feb,"1830,04","10544,61",9-nov,3-feb,"3154,52",18226,,3-feb,19345
4-feb,"782,35","4507,85",13/3/1910,4/2/2109,"1575,5","9077,74",15-jul,4-feb,"2107,76","12214,62",1-sept,4-feb,"3870,26",22300,,4-feb,43514
5-feb,"1005,37","5792,79",7/2/1913,5/2/2109,"687,42","3960,9",16-dic,5-feb,"2681,5","15450,5",16-dic,5-feb,"3515,84",20258,,5-feb,46155
6-feb,"807,44","4652,4",10/7/1910,6/2/2109,"893,55","5148,55",25-ago,6-feb,"1901,35","10955,41",14-oct,6-feb,"4546,56",26197,,6-feb,19011
7-feb,"790,42","4554,35",20/4/1910,7/2/2109,"1067,79","6152,5",1-dic,7-feb,"2680,91","15447,05",13-dic,7-feb,"2747,55",15831,,7-feb,15355
8-feb,"1098,75",6331,28/4/1914,8/2/2109,"1131,75","6521,1",2-oct,8-feb,"2693,37",15519,10-feb,8-feb,"3524,08","20305,5",,8-feb,14445
9-feb,"599,15","3452,25",23/10/1907,9/2/2109,"1302,73","7506,3",24-dic,9-feb,"1039,42",5989,19-jul,9-feb,"4244,99",24459,,9-feb,10006
10-feb,"130,17",750,10/9/1901,10/2/2109,"1474,18",8494,20-mar,10-feb,"1162,13",6906,21-sept,10-feb,"3178,8",18316,,10-feb,"21265,5"
11-feb,"1191,3","6864,2",12/7/1915,11/2/2109,"1091,98",6292,27-mar,11-feb,"1519,77","8756,95",24-oct,11-feb,"2740,08",15788,,11-feb,"24601,5"
12-feb,"1132,99","6528,4",8/10/1914,12/2/2109,"829,4",4779,23-oct,12-feb,"1490,47","8657,81",15-ago,12-feb,"3005,14","17315,15",,12-feb,14255
13-feb,"1240,95","7150,3",5/3/1916,13/2/2109,"820,39",4727,10-sept,13-feb,"2044,51","11780,27",26-ago,13-feb,"4183,36","24243,5",,,
14-feb,"827,17","4766,05",12/10/1910,14/2/2109,"2021,88",11650,11-may,14-feb,"1433,9","8262,02",10-sept,14-feb,"4945,49","28495,5",,14-feb,14925
15-feb,"535,89","3087,75",25/12/1906,15/2/2109,"3322,72",19145,26-abr,15-feb,"2659,06","15531,2",29-mar,15-feb,"3699,14",21314,,15-feb,10219
16-feb,"986,61","5684,8",10/11/1912,16/2/2109,"3405,78","19623,7",25-may,16-feb,"2466,67","14212,5",26-feb,16-feb,"3231,82","18791,5",,16-feb,50371
17-feb,"1459,45","8409,3",9/1/1919,17/2/2109,"2470,96","14237,55",18-mar,17-feb,"2858,4","16469,7",6-abr,17-feb,"3279,28",19150,,17-feb,"97213,41"
18-feb,"581,66","3351,6",31/7/1907,18/2/2109,"2094,91","12070,6",23-abr,18-feb,"2040,02","11754,5",5-ago,18-feb,"2548,38","14683,5",,18-feb,"68721,42"
19-feb,"1438,9","8290,5",3/10/1918,19/2/2109,"2217,61","12777,5",27-nov,19-feb,"1634,05","9415,15",20-abr,19-feb,"2226,51",12829,,19-feb,"114135,62"
20-feb,"1048,74","6042,65",1/9/1913,20/2/2109,"1750,48","10086,25",26-oct,20-feb,"1880,95","10837,95",9-jul,20-feb,"4240,83",24485,,20-feb,"76190,81"
21-feb,"968,64","5581,37",16/8/1912,21/2/2109,"2073,52","11947,5",11-ene,21-feb,"1207,33","6956,45",27-sept,21-feb,"2332,56",13440,,21-feb,"88097,51"
22-feb,"1420,21","8183,1",6/7/1918,22/2/2109,"1126,8","6492,5",8-sept,22-feb,"2411,53","13895,1",9-jun,22-feb,"1850,11",10915,,22-feb,91205
23-feb,"720,1","4149,12",21/5/1909,23/2/2109,"2117,7",12202,10-ago,23-feb,"1218,52","7021,02",19-nov,23-feb,"2613,88",15061,,23-feb,"131480,99"
24-feb,"1492,34","8598,65",15/6/1919,24/2/2109,"1617,35",9319,30-ene,24-feb,"913,01","5260,7",25-nov,24-feb,"2921,1",16831,,24-feb,"130775,7"
25-feb,"1695,97","9772,05",9/2/1922,25/2/2109,"1107,48","6381,2",8-jun,25-feb,"1611,11",9283,31-dic,25-feb,"2420,18",13945,,25-feb,"85919,3"
26-feb,"1864,31","10741,8",20/4/1924,26/2/2109,"2157,17","12429,3",14-feb,26-feb,"1791,93","10324,8",11-may,26-feb,"3245,61",18786,,26-feb,"95816,53"
27-feb,"1318,9","7599,44",11/3/1917,27/2/2109,"988,89",5698,21-nov,27-feb,"1661,9","9575,75",30-ago,27-feb,"4803,91","27764,5",,27-feb,"128614,51"
28-feb,"19634,32","113131,2",24/12/2155,28/2/2109,"3525,46","20313,3",16-dic,28-feb,"1119,79",6452,6-ago,28-feb,"4790,35","27856,5",,28-feb,92871
,,,,,,,,29-feb,"5310,58",30739,13-ago,,,,,,
1-mar,"1831,27","10551,62",,1-mar,"1003,17","5780,2",,1-mar,"1252,02",7424,22-nov,1-mar,"2196,88",12658,,1-mar,12130
2-mar,"2667,73","15371,1",,2-mar,"2114,29","12182,55",,2-mar,"2242,23","12919,5",25-mar,2-mar,"2063,75",11891,,2-mar,"27816,5"
3-mar,"1232,53","7101,62",,3-mar,"1390,14","8009,8",,3-mar,"2098,46",12231,27-sept,3-mar,"3009,22",17339,,3-mar,"21735,5"
4-mar,"2260,88","13026,9",,4-mar,"763,99",4402,,4-mar,"1618,31","9324,45",4-feb,4-mar,"2980,35","17342,5",,4-mar,"34027,5"
5-mar,"1444,49",8323,,5-mar,"1079,08","6217,5",,5-mar,"1796,08","10348,85",31-may,5-mar,"4265,95",24580,,5-mar,95078
6-mar,"1180,66","6802,85",,6-mar,"1022,15","5889,5",,6-mar,"2416,02","13920,81",30-jun,6-mar,"3397,32",19575,,6-mar,41355
7-mar,"991,51","5712,95",,7-mar,"783,77",4516,,7-mar,"2637,12","15194,75",18-may,7-mar,"6636,2","36508,5",,7-mar,41947
8-mar,"1018,51","5868,5",,8-mar,"1255,91","7236,4",,8-mar,"1966,63","11331,5",20-ago,8-mar,"3579,81","20626,5",,8-mar,29999
9-mar,"787,34","4536,62",,9-mar,"1298,28","7480,6",,9-mar,"1317,44",7591,4-mar,9-mar,"4175,17",24057,,9-mar,77417
10-mar,"1129,26","6506,72",,10-mar,"1929,63","11118,2",,10-mar,"1662,65",9650,12-nov,10-mar,"3310,53","19074,9",,10-mar,64288
11-mar,"1240,79","7149,25",,11-mar,"966,37",5568,,11-mar,"1311,86","7558,61",5-feb,11-mar,"3164,32","18232,5",,11-mar,25651
12-mar,"640,48","3690,49",,12-mar,"1093,23",6299,,12-mar,"2009,58","11579,02",13-mar,12-mar,"5334,67","30737,75",,12-mar,113643
13-mar,"663,3","3821,85",,13-mar,"1403,9",8089,,13-mar,"2399,05",13893,19-jun,13-mar,"4153,78","23933,7",,13-mar,79049
14-mar,"1575,2","9076,23",,14-mar,"961,21","5538,38",,14-mar,"2187,49",12604,7-jul,14-mar,"4977,82","28682,05",,14-mar,61124
15-mar,"1166,54","6721,5",,15-mar,"1080,71",6227,,15-mar,"3675,62","21178,5",1-dic,15-mar,"3161,73","18387,6",,15-mar,36925
16-mar,"1611,34","9284,42",,16-mar,"1157,5","6669,25",,16-mar,"1862,38","10730,8",11-abr,16-mar,"2285,17",13422,,16-mar,"76106,5"
17-mar,"1360,75","7840,66",,17-mar,"1096,45","6317,5",,17-mar,"2303,95",13485,11-ago,17-mar,"3244,88","18951,7",,17-mar,71960
18-mar,"921,35","5308,85",,18-mar,"987,45","5689,5",,18-mar,"2884,44",16620,8-ago,18-mar,"3242,47",18938,,18-mar,"35954,6"
19-mar,"862,82","4971,55",,19-mar,"1083,65","6243,8",,19-mar,"10942,47","63259,66",27-mar,19-mar,"4499,2",25924,,19-mar,"81898,5"
20-mar,"1129,16",6506,,20-mar,"1837,35","10586,5",,20-mar,"4178,28",24425,6-jun,20-mar,"5966,43","34378,04",,20-mar,"76883,5"
21-mar,"822,83","4741,2",,21-mar,"2258,58","13013,54",,21-mar,4377,"25219,7",22-ene,21-mar,"2690,75",15504,,21-mar,58540
22-mar,"1156,95","6666,35",,22-mar,"1502,27","8656,1",,22-mar,"4282,26","24744,01",7-ene,22-mar,"5288,63","30727,56",,22-mar,"51793,02"
23-mar,"13911,6","2414,44",,23-mar,1966,"11327,9",,23-mar,"4699,39","27077,5",7-abr,23-mar,"6378,62",36753,,23-mar,66750
24-mar,"2897,35","16694,46",,24-mar,"1096,41","6317,39",,24-mar,"4452,24","25933,25",23-oct,24-mar,"3984,32",23042,,24-mar,91903
25-mar,"916,74","5282,17",,25-mar,"1921,58","11071,8",,25-mar,"3426,84",19745,3-sept,25-mar,"3219,59",18551,,25-mar,37626
26-mar,"612,55","3529,55",,26-mar,"1158,52","6675,25",,26-mar,"5434,27","31311,85",5-nov,26-mar,"2903,4",16727,,26-mar,54973
27-mar,"1394,44","8034,74",,27-mar,"2039,67","11752,28",,27-mar,"6246,1","36199,5",2-ene,27-mar,"5381,38",31007,,27-mar,"19360,9"
28-mar,"2226,34",12828,,28-mar,"3537,98","20385,45",,28-mar,"10953,77","63114,7",21-oct,28-mar,"3036,32",17495,,28-mar,44406
29-mar,"1501,59","8652,14",,29-mar,"4806,43",27694,,29-mar,"4741,14","27317,95",22-oct,29-mar,"3103,64","17882,8",,29-mar,"23183,5"
30-mar,"3200,38","18440,3",,30-mar,"3779,23","21775,45",,30-mar,"4977,32","28818,9",9-abr,30-mar,"3428,57",19755,,30-mar,"30861,5"
31-mar,"17436,91","100470,15",,31-mar,"1632,99","9409,17",,31-mar,"3291,36","19174,55",26-jun,31-mar,"8388,91","48336,14",,31-mar,"21278,5"
1/4/2018,"17462,38","10154,7",,1-abr,"1235,3","7117,7",,1-abr,"4844,76","27985,1",9-may,1-abr,"5615,17",32354,,1-abr,21145
2/4/2018,"1058,39","6098,3",,2-abr,"1908,5","10996,65",,2-abr,"5640,51",32500,14-jul,2-abr,"4597,33","26489,5",,2-abr,"60331,5"
3/4/2018,"1965,94","11327,6",,3-abr,"1608,22","9266,45",,3-abr,"7668,93","44187,75",24-dic,3-abr,"4060,8",23398,,3-abr,9927
4/4/2018,"1899,09","10942,29",,4-abr,"1209,51","6968,9",,4-abr,"6862,93","39543,5",21-jun,4-abr,"3498,58","20158,5",,4-abr,"42614,5"
5/4/2018,"1378,61","7943,45",,5-abr,"1169,3","6737,44",,5-abr,"4123,69","23760,4",4-oct,5-abr,"2629,42","15150,5",,5-abr,44755
6/4/2018,"2071,63","11936,35",,6-abr,"1969,83","11349,81",,6-abr,"3855,26","22213,6",5-abr,6-abr,"1701,29",9857,,6-abr,26066
7/4/2018,"1914,91","11033,57",,7-abr,"1649,5",9504,,7-abr,"4034,85","23248,4",7-ago,7-abr,"5252,08",30262,,7-abr,24240
8/4/2018,"996,08","5739,25",,8-abr,"2158,62","12437,5",,8-abr,"6188,55","35657,65",5-sept,8-abr,"2975,63","17145,25",,8-abr,35839
9/4/2018,"877,22","5054,45",,9-abr,"1670,11","9622,89",,9-abr,"4743,7","27472,71",24-mar,9-abr,"5268,66","30357,5",,9-abr,49176
10/4/2018,"675,76","3893,6",,10-abr,"1730,15","9968,95",,10-abr,"6742,67","39130,51",1-sept,10-abr,"7127,29",41067,,10-abr,19150
11/4/2018,"5306,6","920,97",,11-abr,"672,86",3877,,11-abr,"6395,53","37200,5",2-may,11-abr,"3455,47",19910,,11-abr,46104
12/4/2018,"6067,67","1053,05",,12-abr,"1587,07","9144,5",,12-abr,"1990,97","11682,01",13-jul,12-abr,"3587,06","20668,5",,12-abr,"88610,6"
13/4/2018,"10520,22","1825,85",,13-abr,"2172,97","12520,51",,13-abr,"3216,53","18813,3",12-sept,13-abr,"3054,56",17600,,13-abr,"65617,5"
14/4/2018,"7403,54","1284,92",,14-abr,"1179,75","6797,5",,14-abr,"4841,96","28109,1",13-sept,14-abr,"4802,11",27669,,14-abr,91356
15/4/2018,"1438,81","8290,25",,15-abr,"823,11","4742,49",,15-abr,"2715,51","15786,45",13-oct,15-abr,"3026,86","17440,5",,15-abr,65447
16/4/2018,"535,46","3085,3",,16-abr,"935,44",5390,,16-abr,"2900,03","16989,51",28-jul,16-abr,"2393,9",13902,,16-abr,"103427,01"
17/4/2018,"1023,39","5896,82",,17-abr,"1528,49","8807,15",,17-abr,"3840,32","22267,5",13-jun,17-abr,"7119,71",41023,,17-abr,"90011,5"
18/4/2018,"1410,02","8124,35",,18-abr,"1892,88","10906,4",,18-abr,"5271,32","30372,75",20-sept,18-abr,"4227,54","24358,5",,18-abr,67624
19/4/2018,"1088,75","6273,3",,19-abr,"1805,4","10402,5",,19-abr,"2903,64","17010,5",14-ago,19-abr,"4159,74",23968,,19-abr,"50622,5"
20/4/2018,"2282,06","13148,95",,20-abr,"1236,12","7122,31",,20-abr,"2785,68","16050,8",25-abr,20-abr,"2633,7",15175,,20-abr,42847
21/4/2018,"2448,45","14107,74",,21-abr,"1857,54",10703,,21-abr,"2830,94","16311,5",26-nov,21-abr,"4490,04",25871,,21-abr,46223
22/4/2018,"1814,81","10456,78",,22-abr,"1134,09","6534,5",,22-abr,"1767,56","10184,52",15-ene,22-abr,"2424,16","15696,49",,22-abr,"54239,6"
23/4/2018,"1703,46","9815,18",,23-abr,"1111,72","6405,6",,23-abr,"1426,8","8361,03",25-dic,23-abr,"3673,25",21165,,23-abr,74458
24/4/2018,"1431,99","8250,82",,24-abr,"2313,76","13331,7",,24-abr,"2651,74","15419,01",14-dic,24-abr,"5468,85",31511,,24-abr,43858
25/4/2018,"2790,99","16081,05",,25-abr,"1660,39",9567,,25-abr,"2559,97","14750,4",16-may,25-abr,"3547,96",20443,,25-abr,108018
26/4/2018,"2065,45","11900,84",,26-abr,"1362,42","7850,2",,26-abr,"2059,34","11935,7",14-ene,26-abr,"3198,39",18429,,26-abr,67522
27/4/2018,"2876,79","16575,81",,27-abr,"1461,08","8418,53",,27-abr,"3188,78","18513,5",14-dic,27-abr,"3916,4",22566,,27-abr,52781
28/4/2018,"4236,27","24408,9",,28-abr,"1684,51","9705,9",,28-abr,"3559,29",20508,26-may,28-abr,"5738,59",33065,,28-abr,"37269,51"
29/4/2018,"2469,96","14231,5",,29-abr,"706,36",4070,,29-abr,"819,26","4720,51",5-sept,29-abr,"4372,51",25194,,29-abr,26415
30/4/2018,"3992,62","23004,96",,30-abr,"1968,28",11341,,30-abr,"3266,54","18821,5",1-ago,30-abr,"5724,86","32986,1",,30-abr,"28766,51"
1/5/2018,"2285,55","13169,09",,1-may,"1804,98",10400,,1-may,"2269,47","13426,51",18-jul,1-may,"10137,66","58412,2",,1-may,"46134,01"
2/5/2018,"1223,45","7049,45",,2-may,"1456,3",8391,,2-may,"2749,61",15843,5-nov,2-feb,"4186,11",24120,,2-may,88717
3/5/2018,"1613,76","9298,3",,3-may,"1653,65","9528,3",,3-may,"1622,94","9351,25",26-feb,3-may,"2762,62",15918,,3-may,79879
4/5/2018,"2411,07","13892,07",,4-may,"3163,88",18230,,4-may,"2270,78",13084,8-ago,4-may,"3088,37",17795,,4-may,65014
5/5/2018,"3094,5","17830,16",,5-may,"1777,71","10243,08",,5-may,"1606,88","9258,75",11-dic,5-may,"4089,62","23563,8",,5-may,27219
6/5/2018,"2136,05","12307,75",,6-may,"1113,78","6417,5",,6-may,"965,83",5705,21-dic,6-may,"4950,04","28521,5",,6-may,"36996,25"
7/5/2018,"1334,7","7690,55",,7-may,"1130,77","6515,5",,7-may,"833,92","4805,01",14-nov,7-may,"2106,78",12139,,7-may,78789
8/5/2018,"1255,67",7235,,8-may,"1790,53","10317,05",,8-may,"2169,24","12709,01",7-nov,8-may,"4506,51",25966,,8-may,16965
9/5/2018,"1584,8","9131,55",,9-may,"1674,58","9648,75",,9-may,"1593,39",9181,8-oct,9-may,"4628,19",26667,,9-may,21301
10/5/2018,"1537,28","8857,65",,10-may,"1806,08","10406,3",,10-may,"787,25",4536,5-abr,10-may,"3529,21",20335,,10-may,81748
11/5/2018,"1207,89","6959,82",,11-may,"1756,86","10122,89",,11-may,"3696,9","21508,1",5-oct,11-may,"2475,2",14262,,11-may,"38540,5"
12/5/2018,"1956,62","11273,8",,12-may,"1338,26",7711,,12-may,"987,34",5899,11-jun,12-may,"3758,33",21655,,12-may,20795
13/5/2018,"850,84","4902,4",,13-may,"826,66",4763,,13-may,"960,8",5536,10-jul,13-may,"3929,44",22641,,13-may,"142299,01"
14/5/2018,"1234,42","7112,35",,14-may,"1035,29","5965,3",,14-may,"2735,12","15759,5",28-ago,14-may,"5701,69","32852,5",,14-may,150376
15/5/2018,"820,05","4725,25",,15-may,"1783,59",10277,,15-may,"2578,69","14938,21",1-nov,15-may,"3796,8",21877,,15-may,"107453,01"
16/5/2018,"1111,82","6406,16",,16-may,"1437,31","8281,6",,16-may,"2418,46","14335,01",15-ago,16-may,"4966,21",28615,,16-may,"120829,5"
17/5/2018,"1026,36","5913,5",,17-may,"1567,86","9034,05",,17-may,"1528,16",9045,29-jul,17-may,"3485,24","20081,5",,,
18/5/2018,"1805,46","10403,02",,18-may,"2336,17","13460,75",,18-may,"2049,11","11956,78",14-feb,18-may,"3115,11",17949,,,
19/5/2018,"1846,42","10638,9",,19-may,"975,98","5623,5",,19-may,"2517,21",14504,24-oct,19-may,"5269,74","30363,8",,,
20/5/2018,"1692,96","9754,8",,20-may,"1485,36","8558,4",,20-may,"1357,87",7824,13-sept,20-may,"5183,08","29864,4",,,
21/5/2018,"1223,05",7047,,21-may,"1386,8","7990,5",,21-may,"2901,74","17169,5",22-ene,21-may,"9595,25",55287,,,
22/5/2018,"1426,92","8222,1",,22-may,"859,76",4954,,22-may,"3692,91","21278,35",22-feb,22-may,"11962,9",68929,,,
23/5/2018,"1573,83","9068,3",,23-may,"1357,92","7824,2",,23-may,"4341,78","25391,94",18-ago,23-may,"5514,78","31775,5",,,
24/5/2018,"1818,63",10479,,24-may,"1951,72","11245,5",,24-may,"2740,5","15940,68",20-feb,24-may,"3885,86",22390,,,
25/5/2018,"2528,09","14566,75",,25-may,"1991,83","11476,7",,25-may,"1533,05","8833,3",26-dic,25-may,"8225,06",47392,,,
26/5/2018,"2423,95","13966,34",,26-may,"1310,05","7548,4",,26-may,"2334,43",13451,7-jun,26-may,"5426,24","31265,5",,,
27/5/2018,"1413,57","8144,75",,27-may,"1019,48","5874,1",,27-may,"2073,3",11946,10-ene,27-may,"9198,67","53001,99",,,
28/5/2018,"988,67","5696,75",,28-may,"1319,84","7604,9",,28-may,"2176,95","12618,22",1-ago,28-may,"18662,14","107529,25",,,
29/5/2018,"1678,01","9668,65",,29-may,"1643,35",9469,,29-may,"3381,7",19485,1-feb,29-may,"12219,46","70407,5",,,
30/5/2018,"1637,51","9550,15",,30-may,"1158,61","6675,71",,30-may,"3026,81",17440,17-jun,30-may,"7144,34",41165,,,
31/5/2018,"6367,46","36688,71",,31-may,"2058,92","11863,21",,31-may,"1610,92",9282,31-dic,31-may,"6277,46",36170,,,
1/6/2018,"3653,64","21051,8",,1-jun,"2194,08","12642,2",,1-jun,"2399,52",13826,13-abr,1-jun,"5056,04","29132,5",,,
2/6/2018,"4383,73","25258,52",,2-jun,"2330,65","13429,02",,2-jun,"1850,07","10659,85",12-feb,2-jun,"6678,28","38479,51",,,
3/6/2018,"2121,38","12223,03",,3-jun,"1207,41","6957,1",,3-jun,"1868,29",10765,9-may,3-jun,"7796,72",44924,,,
4/6/2018,"1199,75",6913,,4-jun,"1571,81","9056,6",,4-jun,"200,45","1155,02",11-ago,4-jun,"8019,65","46208,5",,,
5/6/2018,"1814,77","10456,44",,5-jun,"1239,55",7142,,5-jun,"2152,05",12540,8-jun,5-jun,"15599,23",89881,,,
6/6/2018,"784,39","4519,6",,6-jun,"1677,74","9666,96",,6-jun,"3032,57","17473,5",14-jul,6-jun,"5960,58","34390,5",,,
7/6/2018,"2039,12","11749,25",,7-jun,"1915,15","11035,02",,7-jun,"1259,42","7466,77",28-dic,7-jun,"5055,96",29132,,,
8/6/2018,"2520,67","14523,69",,8-jun,"1681,98","9691,3",,8-jun,"1274,56",7344,12-ago,8-jun,"3887,58",22400,,,
9/6/2018,"2819,66","16246,51",,9-jun,"1215,66","7004,5",,9-jun,"960,63",5745,4-feb,9-jun,"6257,69","36056,26",,,
10/6/2018,"2039,12","11749,25",,10-jun,"702,68","4048,7",,10-jun,"1420,71",8396,4-feb,10-jun,"7774,18",44794,,,
11/6/2018,"1532,27","8828,8",,11-jun,"1522,85","8774,5",,11-jun,"1796,72","10422,5",12-ago,11-jun,"3330,15",19188,,,
12/6/2018,"1941,1","11184,55",,12-jun,"893,09",5146,,12-jun,"3415,21",19678,9-jul,12-jun,"8958,74","51619,5",,,
13/6/2018,"1145,8","6602,1",,13-jun,"1211,16","6978,5",,13-jun,"2593,68","14944,5",23-oct,13-jun,"11024,82","63524,01",,,
14/6/2018,"947,08",5457,,14-jun,"2274,66","13106,29",,14-jun,"694,21",4000,17-ene,14-jun,"2166,55","12483,5",,,
15/6/2018,"1528,04","8804,09",,15-jun,"2910,67","16770,86",,15-jun,"2040,23","11825,5",15-oct,15-jun,"2475,38",14263,,,
16/6/2018,"2223,62","12812,2",,16-jun,"951,18","5480,5",,16-jun,"1607,56","9472,5",12-jul,16-jun,"5219,34","30073,5",,,
17/6/2018,"1540,89","8878,5",,17-jun,"1145,98",6603,,17-jun,"2266,17","13057,5",17-jul,17-jun,"6151,51","35444,5",,,
18/6/2018,"1462,2","8425,05",,18-jun,"1175,52","6773,25",,18-jun,"1175,24","6771,6",27-abr,18-jun,"8879,69",51164,,,
19/6/2018,"1322,68","7621,1",,19-jun,"2201,39",12684,,19-jun,"3099,32",17858,27-may,19-jun,"5810,15","33477,5",,,
20/6/2018,"1253,52","7222,82",,20-jun,"1488,27","8575,2",,20-jun,"3168,96","18259,3",24-abr,20-jun,"2786,56",16056,,,
21/6/2018,"2210,05","12734,02",,21-jun,"1367,89","7881,5",,21-jun,"1391,55",8018,20-feb,21-jun,"4992,8",28768,,,
22/6/2018,"1660,32","9566,58",,22-jun,"2131,22","12279,88",,22-jun,"1361,19",7843,28-sept,22-jun,"4069,48",23448,,,
23/6/2018,"2740,29","15789,28",,23-jun,"1313,42",7568,,23-jun,"846,07",4875,10-ene,23-jun,"4953,38",28541,,,
24/6/2018,"1456,54","8392,5",,24-jun,"1297,95","7478,6",,24-jun,"3646,88",21013,18-jul,24-jun,"3866,97",22281,,,
25/6/2018,"1012,29","5832,55",,25-jun,"1160,18","6684,83",,25-jun,"4486,06","25848,33",26-jun,25-jun,"7079,12","40789,25",,,
26/6/2018,"906,62","5223,76",,26-jun,"2753,84","15867,4",,26-jun,"2763,32",15922,9-ene,26-jun,"10164,25","58565,5",,,
27/6/2018,"978,84","5639,9",,27-jun,"3685,03","21232,74",,27-jun,"5145,03",29645,27-ene,27-jun,"5196,91",29944,,,
28/6/2018,"1123,45","6473,2",,28-jun,"2793,69",16097,,28-jun,"2840,84","16368,7",12-ene,28-jun,"7430,64","42860,5",,,
29/6/2018,"2808,54","16182,6",,29-jun,"3907,53","22514,75",,29-jun,"2532,51",14592,5-ene,29-jun,"4653,07","26810,5",,,
30/6/2018,"5385,18","31028,67",,30-jun,"5279,61","30420,8",,30-jun,"1257,91",7248,25-may,30-jun,"7381,39",42531,,,
1/7/2018,"1210,48","6974,7",,1-jul,"928,5",5350,,1-jul,"2769,88","15959,75",9-feb,1-jul,"23528,89","135571,3",,,
2/7/2018,"807,24","4651,3",,2-jul,"2776,89",16000,,2-jul,"1769,2",10194,23-ene,2-jul,"6119,62","35260,51",,,
3/7/2018,"2071,07","11933,28",,3-jul,"2408,89","13879,6",,3-jul,"1597,91",9207,30-oct,3-jul,"19071,04","109885,5",,,
4/7/2018,"979,17","5641,85",,4-jul,"1529,73","8814,3",,4-jul,"2665,35","15357,5",30-sept,4-jul,"17860,68","102911,49",,,
5/7/2018,1482,"8538,85",,5-jul,"1692,56","9752,5",,5-jul,"1858,92",10711,26-mar,5-jul,"12174,02","70145,54",,,
6/7/2018,"2103,59",12121,,6-jul,"2007,51","11567,16",,6-jul,"896,92",5168,10-sept,6-jul,"6046,53","34949,5",,,
7/7/2018,"2292,79","13210,7",,7-jul,"2473,73","14253,3",,7-jul,"1605,37",9250,4-dic,7-jul,"5115,66",29476,,,
8/7/2018,"1381,66",7961,,8-jul,"2008,72",11574,,8-jul,1562,9000,12-may,8-jul,"17655,34","101728,38",,,
9/7/2018,"1156,3","6662,4",,9-jul,"372,11","2144,01",,9-jul,"1660,92",9570,26-ago,9-jul,"8933,52","51473,99",,,
10/7/2018,"839,41","4836,6",,10-jul,"515,97",2973,,10-jul,"2596,19",14959,4-nov,10-jul,"9275,76","53446,01",,,
11/7/2018,"1559,21","8984,02",,11-jul,"1271,11","7323,95",,11-jul,"1298,36",7481,3-dic,11-jul,"6967,68",40147,,,
12/7/2018,"1191,55","6865,52",,12-jul,"2074,62","11953,71",,12-jul,"1604,51",9245,30-nov,12-jul,"5691,6","32794,5",,,
13/7/2018,"1918,53","11054,4",,13-jul,"1726,85","9949,9",,13-jul,"1615,97",9311,24-ene,13-jul,"7287,9",41992,,,
14/7/2018,"1801,62","10380,85",,14-jul,"740,84","4268,65",,14-jul,"2107,39","12142,5",22-jun,14-jul,"3132,26","18047,75",,,
15/7/2018,"1222,76","7045,4",,15-jul,"821,69","4734,5",,15-jul,"908,38",5234,3-nov,15-jul,"4138,4",23845,,,
16/7/2018,"997,74",5749,,16-jul,"1638,96","9443,4",,16-jul,"2071,77","11937,4",3-ene,16-jul,"7825,47","45089,5",,,
17/7/2018,"1393,64","8026,5",,17-jul,"1332,39","7677,11",,17-jul,"2945,2",16970,24-may,17-jul,"8316,8","47920,66",,,
18/7/2018,"833,04","4799,7",,18-jul,"1335,18","7693,4",,18-jul,"2192,93","12785,5",30-dic,18-jul,"5218,77",30070,,,
19/7/2018,"1931,66","11130,1",,19-jul,"1800,53","10374,5",,19-jul,"2038,23",11744,27-jul,19-jul,"5887,92","33925,75",,,
20/7/2018,"2116,08","12192,9",,20-jul,"2151,33","12395,86",,20-jul,"1874,1","10798,5",6-jun,20-jul,"5035,06","29011,5",,,
21/7/2018,"2621,69","15106,1",,21-jul,"975,58","5621,27",,21-jul,"1930,63",11124,2-mar,21-jul,"2788,14","2788,14",,,
22/7/2018,"2659,6","15324,4",,22-jul,"1533,47",8836,,22-jul,"2943,02","16957,5",14-may,22-jul,"10252,19",59072,,,
23/7/2018,"1650,15","9507,8",,23-jul,"2228,16","12838,5",,23-jul,"4005,62",23240,28-ago,23-jul,"4532,57",26116,,,
24/7/2018,"1703,88","9817,7",,24-jul,"713,74","4112,5",,24-jul,"1846,6",10640,27-ene,24-jul,"8940,47",51514,,,
25/7/2018,"1675,92","9656,25",,25-jul,"2221,95","12802,55",,25-jul,"1911,7",11015,2-dic,25-jul,"6537,01","37665,5",,,
26/7/2018,"1350,73","7782,8",,26-jul,"4696,4",27060,,26-jul,"1927,05","11103,5",13-feb,26-jul,"4149,34",23908,,,
27/7/2018,"3304,64",19041,,27-jul,"3620,8","20862,4",,27-jul,"968,26",5579,14-ago,27-jul,"5907,93",34041,,,
28/7/2018,"4586,27","26425,65",,28-jul,"2963,1",17073,,28-jul,"1531,35","8823,5",18-dic,28-jul,"3966,75",22856,,,
29/7/2018,"1702,8","9811,05",,29-jul,"1862,11","10729,25",,29-jul,"3437,05",19804,21-oct,29-jul,"10574,93","60931,5",,,
30/7/2018,"2659,07","15321,2",,30-jul,"1259,15",7255,,30-jul,"4127,71","23783,5",23-oct,30-jul,"9387,95","54092,5",,,
31/7/2018,"6932,54","39944,74",,31-jul,"1265,9","7292,94",,31-jul,"5467,55","31503,5",12-abr,31-jul,"4379,5","25234,5",,,
1/8/2018,"2010,72","11585,3",,1/8/2019,"1861,77","10727,4",,1-ago,"3019,27","17396,75",12-may,1-ago,"2592,03",14935,,,
2/8/2018,"1852,13","10671,55",,2/8/2019,"1305,33",7521,,2-ago,"1751,84",10094,2-nov,2-ago,"5532,75",31879,,,
3/8/2018,"2983,56","17190,8",,3/8/2019,"1619,11","9329,05",,3-ago,"1076,9",6205,14-ene,3-ago,"2931,5",16891,,,
4/8/2018,"3385,44","19506,5",,4/8/2019,"1215,32","7002,5",,4-ago,"2542,31","14648,5",21-feb,4-ago,"8006,11","46130,5",,,
5/8/2018,"2605,14","15010,55",,5/8/2019,"930,43",5361,,5-ago,"2227,93",12837,16-ene,5-ago,"6754,38",38918,,,
06/082018,"2128,58","12264,8",,6/8/2019,"1183,48",6819,,6-ago,"459,22",2646,25-dic,6-ago,"6766,4","38987,25",,,
7/8/2018,"1101,49","6346,6",,7/8/2019,"1168,86","6734,75",,7-ago,"1822,5",10501,4-oct,7-ago,"8663,97",49921,,,
8/8/2018,"1743,26","10044,35",,8/8/2019,"1275,43",7349,,8-ago,"1804,04","10394,75",8-jul,8-ago,"3561,03","20518,37",,,
9/8/2018,"1985,06","11437,63",,9/8/2019,"2106,39","12136,85",,9-ago,"1588,52",9153,15-sept,9-ago,"4644,49",26761,,,
10/8/2018,"2898,61","16701,5",,10/8/2019,"1970,77","11355,5",,10-ago,"1276,14",7353,19-ago,10-ago,"2543,76",14657,,,
11/8/2018,"2774,49","15986,39",,11/8/2019,"1087,67","6267,1",,11-ago,"1822,93","10503,5",6-oct,11-ago,"7556,88",43542,,,
12/8/2018,"2060,52","11872,56",,12/8/2019,"747,74","4308,3",,12-ago,"1004,71",5789,4-feb,12-ago,"6054,25","34883,8",,,
13/8/2018,"814,15",4691,,13/8/2019,"960,45",5534,,13-ago,"1704,46","9821,06",21-mar,13-ago,"3808,13",21942,,,
14/8/2018,"1578,99","9098,02",,14/8/2019,"1143,7","6590,01",,14-ago,"1151,2",6633,2-ene,14-ago,"10420,74","60043,5",,,
15/8/2018,"1867,65","10761,27",,15/8/2019,"1641,16","9456,01",,15-ago,"2495,53",14379,13-jul,15-ago,"7378,82",42516,,,
16/8/2018,"1146,25","6604,5",,16/8/2019,"1538,33","8863,81",,16-ago,"1861,19",10724,5-abr,16-ago,"8913,22",51357,,,
17/8/2018,"2062,6","11884,5",,17/8/2019,"1678,2","9669,54",,17-ago,"2566,16",14786,14-jun,17-ago,"4503,2",25947,,,
18/8/2018,"2396,81","13810,25",,18/8/2019,"683,18","3936,5",,18-ago,"1487,7",8572,24-may,18-ago,"4084,23",23533,,,
19/8/2018,"2559,39",14747,,19/8/2019,5621,"975,54",,19-ago,"2348,15","13529,8",11-ago,19-ago,"3229,94","18610,5",,,
20/8/2018,"3654,57","21057,42",,20/8/2019,"1742,37","10039,5",,20-ago,"1254,6","7228,9",9-may,20-ago,"7269,42","41885,5",,,
21/8/2018,"1183,83","6821,23",,21/8/2019,"748,25","4311,29",,21-ago,"2777,66","16004,5",17-mar,21-ago,"7830,01","45115,75",,,
22/8/2018,"1623,19","9352,7",,22/8/2019,"1430,17","8240,5",,22-ago,"1666,62",9603,22-sept,22-ago,"4442,79",25599,,,
23/8/2018,"936,93","5398,5",,23/8/2019,"1891,92","10901,12",,23-ago,"1171,95","6752,7",11-abr,23-ago,"3467,98",19982,,,
24/8/2018,"901,1",5192,,24/8/2019,"2332,97","13442,3",,24-ago,"1420,53",8185,8-jul,24-ago,"3487,66","20095,5",,,
25/8/2018,"3071,69","17698,85",,25/8/2019,"1657,45",9550,,25-ago,"2858,42",16470,6-abr,25-ago,"12482,86","71924,95",,,
26/8/2018,"1279,98",7375,,26/8/2019,"1323,75","7627,5",,26-ago,"713,66",4112,20-abr,26-ago,"12777,53","73622,93",,,
27/8/2018,"462,99","2667,5",,27/8/2019,"1109,45","6392,5",,27-ago,"4163,95","23992,3",14-abr,27-ago,"13869,21","79912,99",,,
28/8/2018,"869,53","5010,2",,28/8/2019,"1854,75","10686,95",,28-ago,"4057,98","23381,75",25-nov,28-ago,"9517,16",54837,,,
29/8/2018,"988,43","5695,35",,29/8/2019,"2224,12","12815,15",,29-ago,"4878,63","28110,25",8-ago,29-ago,"19975,07","115094,52",,,
30/8/2018,"772,89","4453,5",,30/8/2019,"2999,12","17280,5",,30-ago,"2605,38",15012,18-dic,30-ago,"17622,99","101541,99",,,
31/8/2018,"1179,74","6797,65",,31/8/2019,"5486,19","31610,7",,31-ago,"5709,37",32897,7-jun,31-ago,"13172,22",75897,,,
1-sept,"2342,57","13497,95",,1-sept,"1227,1","7070,29",,1-sept,"1761,97","10152,3",20-dic,,,,,,
2-sept,"1164,18",6708,,2-sept,"1352,41","7792,4",,2-sept,"2755,17",15875,1-dic,,,,,,
3-sept,1131,"6516,8",,3-sept,"1271,1",7324,,3-sept,"2483,31","14308,5",16-may,,,,,,
4-sept,"1151,44","6634,45",,4-sept,"1144,23","6592,9",,4-sept,"3614,44",20826,13-feb,,,,,,
5-sept,"890,22","5129,47",,5-sept,"1592,08","9173,3",,5-sept,"2643,58",15232,18-jun,,,,,,
6-sept,"977,19","5630,4",,6-sept,"1060,73","6111,8",,6-sept,"2498,45","14395,9",27-jul,,,,,,
7-sept,"1052,4","6063,9",,7-sept,"880,1",5071,,7-sept,"1619,3","9330,25",8-feb,,,,,,
8-sept,"1906,84","10986,97",,8-sept,"1543,72","8894,8",,8-sept,"1867,26",10759,4-may,,,,,,
9-sept,"1080,47","6225,5",,9-sept,"1259,12",7255,,9-sept,"2818,14",16238,26-sept,,,,,,
10-sept,"1233,69","7108,3",,10-sept,"1283,43",7395,,10-sept,"1999,86",11523,26-ene,,,,,,
11-sept,"888,47","5119,3",,11-sept,"1237,57","7130,8",,11-sept,"2794,13","16099,44",4-jun,,,,,,
12-sept,"1070,54","6168,4",,12-sept,"1161,81","6694,22",,12-sept,"3261,44",18792,8-jul,,,,,,
13-sept,"1595,8","9194,73",,13-sept,"1440,13",8298,,13-sept,"2181,57",12570,9-jun,,,,,,
14-sept,"1616,03","9311,5",,14-sept,"2029,8","11695,5",,14-sept,"1249,97","7247,5",1-jun,,,,,,
15-sept,"2349,03","13534,78",,15-sept,"1931,88","11131,37",,15-sept,"534,54",3080,19-dic,,,,,,
16-sept,"2278,43","13128,04",,16-sept,"578,66","3334,3",,16-sept,"3212,82",18512,19-nov,,,,,,
17-sept,"959,34","5527,5",,17-sept,"983,39","5666,4",,17-sept,"1550,6","8934,5",18-mar,,,,,,
18-sept,"1406,16",8102,,18-sept,"1450,87","8359,94",,18-sept,"1682,96",9697,9-dic,,,,,,
19-sept,"1170,02","6741,45",,19-sept,"959,53","5528,7",,19-sept,"3550,37",20457,14-abr,,,,,,
20-sept,"1459,42","8408,95",,20-sept,"2328,83","13418,5",,20-sept,"2500,54","14407,9",6-ago,,,,,,
21-sept,"1692,83","9756,9",,21-sept,"1807,52","10414,75",,21-sept,"2246,62","12944,9",15-abr,,,,,,
22-sept,"2076,71","11965,8",,22-ago,"2103,38","12119,55",,22-sept,"1533,99","8838,8",30-dic,,,,,,
23-sept,"2443,69","14080,15",,23-sept,"1073,17","6183,5",,23-sept,"3112,6","17934,51",29-jul,,,,,,
24-sept,"1548,2","8920,55",,24-sept,"605,55",3489,,24-sept,"1842,1",10614,5-ene,,,,,,
25-sept,"1533,39","8835,35",,25-sept,"2069,01","11921,5",,25-sept,"4182,22","24097,5",10-jul,,,,,,
26-sept,"1423,13","8199,85",,26-sept,"1556,36","8982,55",,26-sept,"2714,64","15641,5",22-may,,,,,,
27-sept,"2165,94","12480,05",,27-sept,"1736,83","10007,36",,27-sept,"2499,33","14400,9",31-jul,,,,,,
28-sept,"3017,56","17386,7",,28-sept,"1888,9","10883,8",,28-sept,"1908,78","10998,3",18-nov,,,,,,
29-sept,"4313,98","24856,8",,29-sept,"1597,26","9203,25",,29-sept,"2103,01","12117,5",1-jun,,,,,,
30-sept,"4945,81","28497,5",,30-sept,"1443,21","8315,75",,30-sept,"6536,59",37663,20-mar,,,,,,
1-oct,"1567,65","9032,5",,1-oct,"1514,96","8729,01",,1-oct,"3002,57","17300,5",21-feb,1-oct,"13416,51","77298,5",,,
2-oct,"1764,74","10168,5",,2-oct,"1271,09",7324,,2-oct,"2085,69","12017,5",10-mar,2-oct,"10793,47",62550,,,
3-oct,"1697,12","9778,5",,3-oct,"1621,05","9340,4",,3-oct,"2716,22","15650,5",30-may,3-oct,"10853,39",62536,,,
4-oct,"1211,48","6980,3",,4-oct,"1964,35","11318,5",,4-oct,"2475,2",14262,7-abr,4-oct,"6638,51","38250,5",,,
5-oct,"2392,25","13783,95",,5-oct,"1253,64","7223,5",,5-oct,"1812,52","10443,5",17-ago,5-oct,"8727,84",50289,,,
6-oct,"2027,38","11681,49",,6-oct,"1639,31","9445,5",,6-oct,"2370,43",13708,14-ene,6-oct,"11264,25","65263,4",,,
7-oct,"1462,75","8428,15",,7-oct,"1203,33","6933,5",,7-oct,"2172,01",12740,5-dic,7-oct,"10426,59",60077,,,
8-oct,"1317,27",7590,,8-oct,"1963,63","11314,15",,8-oct,"2574,72","14835,25",25-jul,8-oct,"14796,94","85258,5",,,
9-oct,"763,84","4401,2",,9-oct,"625,54","3604,25",,9-oct,"5401,08","31120,5",31-may,9-oct,"11326,03","65259,5",,,
10-oct,"1335,44","7694,8",,10-oct,"1513,53","8721,01",,10-oct,"2297,77","13239,5",14-dic,10-oct,"12996,55",75265,,,
11-oct,"1094,75","6308,05",,11-oct,"2808,59","16182,8",,11-oct,"2523,82",14542,25-nov,11-oct,"15592,83","89844,5",,,
12-oct,"1522,98","8775,05",,12-oct,"2240,24","12908,1",,12-oct,"1827,21",10528,26-oct,12-oct,"3942,44","23095,75",,,
13-oct,"1941,61","11187,4",,13-oct,"1700,05","9795,5",,13-oct,"2228,03","12837,75",16-ene,13-oct,"6403,7","36897,5",,,
14-oct,"1360,48",7839,,14-oct,"1993,61",11487,,14-oct,"1624,44",9360,5-mar,14-oct,"4060,32",23395,,,
15-oct,"1620,86","9339,1",,15-oct,"1593,63","9182,23",,15-oct,"1645,21","9479,5",12-jun,15-oct,"6943,7",40009,,,
16-oct,"774,42","4462,25",,16-oct,"1762,68","10351,58",,16-oct,"3106,76",17901,2-jul,16-oct,"12781,35",74405,,,
17-oct,"1692,83","9753,9",,17-oct,"1361,51","7974,95",,17-oct,"2631,41",15207,5-jun,17-oct,"4459,28",25694,,,
18-oct,"1792,62","10329,19",,18-oct,"1902,8","10963,81",,18-oct,"1611,45",9285,2-ene,18-oct,"9001,59",51866,,,
19-oct,"1501,49","8651,34",,19-oct,"1664,58","9591,26",,19-oct,"3014,67",17420,9-jun,19-oct,"6580,42","37915,5",,,
20-oct,"3067,05","17671,96",,20-oct,"1416,6","8162,26",,20-oct,"19620,54","113051,95",20-oct,20-oct,"9999,71","57617,51",,,
21-oct,"1651,98","9518,5",,21-oct,"1262,68","7275,4",,21-oct,"1450,72",8359,29-nov,21-oct,"11132,19","64142,5",,,
22-oct,"1482,88","8544,2",,22-oct,"1536,65","8854,07",,22-oct,"1267,62",7304,10-jul,22-oct,"14427,03",83127,,,
23-oct,"1962,95","11310,45",,23-oct,"512,93","2955,51",,23-oct,"9230,5","53185,5",4-may,23-oct,"16166,97","93542,52",,,
24-oct,"1395,46","8040,5",,24-oct,"1405,19","8096,53",,24-oct,"7816,74","45199,42",6-may,24-oct,"10813,83",62308,,,
25-oct,"1177,9","6787,09",,25-oct,"2099,83","12099,01",,25-oct,"1638,34",9440,10-may,25-oct,"15071,8",86842,,,
26-oct,"4901,18","28240,18",,26-oct,"2309,5",13307,,26-oct,"2063,55",11890,25-nov,26-oct,"17475,53","100692,38",,,
27-oct,"6539,2","37678,2",,27-oct,"1158,13",6673,,27-oct,"1659,13","9559,75",17-ago,27-oct,"28126,93","162064,6",,,
28-oct,"6116,44","35242,1",,28-oct,"999,05","5756,5",,28-oct,"1542,83","8889,5",10-feb,28-oct,"22991,81","132476,76",,,
29-oct,"3043,85","17538,2",,29-oct,"890,06","5128,5",,29-oct,"16158,16","93101,78",29-ago,29-oct,"28935,6","166724,16",,,
30-oct,"2841,86","16374,44",,30-oct,"3935,64","22741,56",,30-oct,"6086,63","35070,37",8-may,30-oct,"20506,24","118154,9",,,
31-oct,"3126,19","18012,5",,31-oct,"7911,03","45647,6",,31-oct,"7185,1","41479,75",21-nov,31-oct,"18424,08","106157,78",,,
1-nov,"3627,29",20900,,1-nov,"1743,61","10176,5",,1-nov,"4056,73","23374,5",19-nov,1-nov,"9871,83","56880,5",,,
2-nov,"3830,4","22070,29",,2-nov,"2618,02","15139,99",,2-nov,"2547,61",14679,18-mar,2-nov,"7983,99",46393,,,
3-nov,"1862,94","10734,2",,3-nov,"1565,02","9127,5",,3-nov,"2493,72","14368,5",4-jul,3-nov,"8388,24",48722,,,
4-nov,"1857,83","10704,7",,4-nov,"1465,75","8555,37",,4-nov,"2465,3","14204,75",20-feb,4-nov,"9342,06",53828,,,
5-nov,"1376,68","7932,3",,5-nov,"1080,32","6279,56",,5-nov,"2671,61","15443,5",18-dic,5-nov,"20787,11","119773,29",,,
6-nov,"1566,74","9027,4",,6-nov,"897,48","5226,35",,6-nov,"2425,21","14073,5",21-nov,6-nov,"16940,79",97923,,,
7-nov,"1516,16",8736,,7-nov,"1748,73",10076,,7-nov,"4181,76",24095,8-jul,7-nov,"8712,6","50202,67",,,
8-nov,"1369,44","7890,6",,8-nov,"2566,24","14786,5",,8-nov,"2253,45","12984,23",17-may,8-nov,"2405,11",13858,,,
9-nov,"1911,03","11010,95",,9-nov,"1705,09","9879,5",,9-nov,"2783,1",16036,12-abr,9-nov,"1750,44",40086,,,
10-nov,"1997,03","11506,65",,10-nov,"1318,19","7595,3",,10-nov,"3388,61","19524,7",5-mar,10-nov,"11723,14","67547,5",,,
11-nov,"1959,49","11290,54",,11-nov,"1672,55",9747,,11-nov,"2318,07","13356,5",21-mar,11-nov,"4634,42",26703,,,
12-nov,"867,08",4996,,12-nov,"1032,13",5947,,12-nov,"3634,1","20939,24",18-may,12-nov,"9240,68",53244,,,
13-nov,"884,44",5096,,13-nov,"1600,2","9275,01",,13-nov,"2568,96",14802,28-jun,13-nov,"15305,45","88188,61",,,
14-nov,"1285,02","7404,25",,14-nov,"2485,89","14433,4",,14-nov,"4810,51","27767,5",6-nov,14-nov,"9934,74",57243,,,
15-nov,"1673,82","9644,45",,15-nov,"2346,4","13519,62",,15-nov,"2811,59",16200,26-ago,15-nov,"18265,66",105245,,,
16-nov,"940,43","5418,65",,16-nov,"1701,87",9861,,16-nov,"1605,36",9250,4-dic,16-nov,"20975,43","120858,13",,,
17-nov,"2600,44","14983,32",,17-nov,"1958,11","11337,5",,17-nov,"1882,14","10844,5",14-jul,17-nov,"9531,59",54920,,,
18-nov,"1000,37",5764,,18-nov,"2156,36","12424,8",,18-nov,"1475,55",8502,27-mar,18-nov,"2071,72",12327,,,
19-nov,"1103,63","6358,95",,19-nov,"1318,04","7594,5",,19-nov,"2437,52","14044,76",11-oct,19-nov,"6577,19","37897,01",,,
20-nov,"1191,45","6865,05",,20-nov,"1833,15","10562,3",,20-nov,"3390,19",19534,12-mar,20-nov,"10659,34",61688,,,
21-nov,"1090,75","6284,7",,21-nov,"1983,96","11596,31",,21-nov,"2755,26","15875,5",2-dic,21-nov,"11144,41",66703,,,
22-nov,"1361,01","7842,09",,22-nov,"1476,67","8508,51",,22-ene,"5463,04","31477,52",22-mar,22-nov,"6364,65","36672,5",,,
23-nov,"2464,37","14199,53",,23-nov,"2392,84","13952,52",,23-nov,"2744,93",16216,17-nov,23-nov,"1621,51",9343,,,
24-nov,"3286,68","18937,56",,24-nov,"2087,84","12029,81",,24-nov,"2626,92",15136,31-mar,24-nov,"4447,31",26165,,,
25-nov,"2207,26","12717,98",,25-nov,"1884,75","10859,8",,25-nov,"2446,16","14094,5",21-nov,25-nov,"5424,76",31527,,,
26-nov,"1820,46","10489,4",,26-nov,"1536,42","8852,75",,26-nov,2290,"13194,78",7-nov,26-nov,"4721,84","27866,8",,,
27-nov,"3279,72","18897,33",,27-nov,"2469,27","14282,7",,27-nov,"2893,86",16674,22-sept,27-nov,"5929,07","34162,9",,,
28-nov,"922,26","5313,95",,28-nov,"2005,34","11554,6",,28-nov,"6957,95","40090,92",16-sept,28-nov,"2254,12","12988,1",,,
29-nov,"1314,86","7576,06",,29-nov,"2172,37",12627,,29-nov,"8760,12","50474,98",16-mar,29-nov,"2153,46",12408,,,
30-nov,"2231,21","12855,94",,30-nov,"6849,35","39465,32",,30-nov,"6820,49","39298,99",1-dic,30-nov,"3140,28",18364,,,
1/12/2018,"2121,79","12225,6",,1-dic,"2625,98","15130,6",,1-dic,"1906,31",11224,4-jul,1-dic,"3851,15",22190,,,
2/12/2018,"1205,81","6947,8",,2-dic,"2041,64","11818,8",,2-dic,"2292,91","13371,5",30-abr,2-dic,"4382,75",25793,,,
3/12/2018,"1507,53","8686,2",,3-dic,"1731,53","10032,01",,3-dic,"1640,61",9453,21-may,3-dic,"2594,29",14948,,,
4/12/2018,"1572,3","9059,7",,4-dic,"1713,27","7926,79",,4-dic,"15953,82",9195,28-jun,4-dic,"7296,76",42433,,,
5/12/2018,"2221,67","12801,2",,5-dic,"1669,35","9783,4",,5-dic,"3544,65",20424,18-mar,5-dic,"4525,5","26567,01",,,
6/12/2018,"1725,09","9939,8",,6-dic,"2642,36",15225,,6-dic,"3519,15",20357,4-feb,6-dic,"5450,29",31404,,,
7/12/2018,"1478,44","8518,7",,7-dic,"1348,32","7768,85",,7-dic,"3056,27",17610,4-nov,7-dic,"3861,39",22249,,,
8/12/2018,"2577,28","14850,12",,8-dic,"747,79","4363,72",,8-dic,"1182,95",6816,3-jun,8-dic,"11761,91",68311,,,
9/12/2018,"2090,77","12046,8",,9-dic,"1093,79","6412,2",,9-dic,"2826,83",16288,7-nov,9-dic,"7137,31","41124,5",,,
10/12/2018,"940,23","5417,55",,10-dic,"2456,89","14156,34",,10-dic,"2421,44",13952,26-jul,10-dic,"4800,32",27659,,,
11/12/2018,"1163,03","6701,2",,11-dic,"2097,21",12084,,11-dic,"1596,32",9198,22-oct,11-dic,"5039,66",29038,,,
12/12/2018,"2030,36","11698,86",,12-dic,"1340,6","7944,5",,12-dic,"2051,23",11819,27-sept,12-dic,"2669,1",15379,,,
13/12/2018,"1094,26","6304,9",,13-dic,"2770,61",16074,,13-dic,"1641,81",9460,27-may,13-dic,"3555,07",20484,,,
14/12/2018,"1020,84","5881,9",,14-dic,"2244,91",12990,,14-dic,"2485,39",14375,19-jul,14-dic,"2543,45",14655,,,
15/12/2018,2840,16367,,15-dic,"1232,58","7102,11",,15-dic,794,4575,8-may,15-dic,"2381,6","14142,5",,,
16/12/2018,"857,02",4938,,16-dic,"1483,6","8603,24",,16-dic,"2737,84","15775,1",10-sept,16-dic,"4290,79",25059,,,
17/12/2018,"861,43","4963,5",,17-dic,"1399,93","8121,29",,17-dic,"1488,06",8574,25-may,17-dic,"6903,48","40047,5",,,
18/12/2018,"956,84","5513,25",,18-dic,"3139,82","18091,5",,18-dic,"4285,57",24693,14-nov,18-dic,"2322,5",13382,,,
19/12/2018,"1855,87","10693,5",,19-dic,"2296,79","13233,82",,19-dic,"4156,1",23947,7-mar,19-dic,"3042,41",17530,,,
20/12/2018,"2716,53","15652,2",,20-dic,"1533,43","8835,55",,20-dic,"3083,1","17764,5",11-mar,20-dic,"4345,77",25580,,,
21/12/2018,"2260,75","13026,2",,21-dic,"4057,98","23436,75",,21-dic,"988,39",5695,18-nov,21-dic,"5986,18",34492,,,
22/12/2018,"4393,89","25317,1",,22-dic,"1209,47","6968,7",,22-dic,"1821,86","10497,5",1-oct,22-dic,"3989,25","23525,5",,,
23/12/2018,"2395,14","13800,6",,23-dic,"1894,62","10916,5",,23-dic,"3663,55",21109,5-oct,23-dic,"4958,09",29258,,,
24/12/2018,"4938,31","28453,95",,24-dic,"2545,96","14669,65",,24-dic,"3989,62","22987,88",5-ene,24-dic,"10134,71","58395,18",,,
25/12/2018,"4162,16","23981,65",,25-dic,"1753,86","10160,52",,25-dic,"3454,69","19905,5",13-ene,25-dic,"4368,5",25441,,,
26/12/2018,"2808,04","16179,73",,26-dic,"880,53","5073,5",,26-dic,"2576,25",14844,1-ago,26-dic,"5175,92","29823,11",,,
27/12/2018,"1941,9","11189,35",,27-dic,"2935,43","16913,79",,27-dic,"1863,98",10740,19-abr,27-dic,"5110,99",29449,,,
28/12/2018,"1858,73","10709,8",,28-dic,"3211,54","18504,6",,28-dic,"2340,38",13485,5-jul,28-dic,"2383,77",13735,,,
29/12/2018,"3268,38","18832,3",,29-dic,"1368,38","7884,5",,29-dic,"2512,97","14479,5",4-oct,29-dic,"7015,72",40424,,,
30/12/2018,"1977,91","11396,4",,30-dic,"2481,4","14297,5",,30-dic,"4175,56",24059,8-jun,30-dic,"6809,22",39234,,,
31/12/2018,"1676,27","9658,5",,31-dic,"3227,57",18597,,31-dic,"6153,28","35454,75",21-mar,31-dic,"7516,64",43310,,,